column_0,column_1,column_2,column_3,column_4,column_5,column_6,column_7,column_8,column_9
0,Alice,diana@example.com,25,Tokyo,field_0_5,field_0_6,field_0_7,field_0_8,field_0_9
1,Grace,diana@example.com,26,London,field_1_5,field_1_6,field_1_7,field_1_8,field_1_9
2,Charlie,charlie@example.com,27,London,field_2_5,field_2_6,naïve,field_2_8,field_2_9
3,Charlie,alice@example.com,28,São Paulo,field_3_5,field_3_6,field_3_7,field_3_8,field_3_9
4,Eve,frank@example.com,29,Berlin,field_4_5,field_4_6,field_4_7,field_4_8,field_4_9
5,Bob,frank@example.com,30,New York,field_5_5,field_5_6,field_5_7,field_5_8,field_5_9
6,Eve,alice@example.com,31,Berlin,field_6_5,field_6_6,field_6_7,🚀,field_6_9
7,Alice,charlie@example.com,32,London,field_7_5,field_7_6,field_7_7,field_7_8,field_7_9
8,Grace,charlie@example.com,33,Berlin,field_8_5,field_8_6,東京,field_8_8,field_8_9
9,Eve,bob@example.com,34,Paris,field_9_5,field_9_6,field_9_7,field_9_8,field_9_9
10,Alice,bob@example.com,35,Paris,field_10_5,field_10_6,field_10_7,field_10_8,field_10_9
11,Diana,frank@example.com,36,Paris,field_11_5,field_11_6,field_11_7,field_11_8,field_11_9
12,Frank,diana@example.com,37,Berlin,field_12_5,field_12_6,field_12_7,field_12_8,field_12_9
13,Frank,alice@example.com,38,New York,field_13_5,field_13_6,field_13_7,field_13_8,field_13_9
14,Eve,diana@example.com,39,New York,field_14_5,field_14_6,field_14_7,field_14_8,field_14_9
15,Grace,eve@example.com,40,São Paulo,field_15_5,field_15_6,field_15_7,field_15_8,field_15_9
16,Frank,charlie@example.com,41,London,field_16_5,field_16_6,field_16_7,field_16_8,field_16_9
17,Bob,frank@example.com,42,Berlin,field_17_5,field_17_6,field_17_7,field_17_8,field_17_9
18,🚀,diana@example.com,43,New York,field_18_5,field_18_6,field_18_7,field_18_8,field_18_9
19,Charlie,frank@example.com,44,New York,field_19_5,field_19_6,field_19_7,field_19_8,field_19_9
20,Alice,grace@example.com,45,Berlin,field_20_5,field_20_6,field_20_7,field_20_8,field_20_9
21,Frank,diana@example.com,46,Sydney,field_21_5,москва,field_21_7,field_21_8,field_21_9
22,Frank,diana@example.com,47,Berlin,field_22_5,field_22_6,field_22_7,field_22_8,field_22_9
23,naïve,alice@example.com,48,New York,field_23_5,field_23_6,field_23_7,field_23_8,field_23_9
24,Diana,bob@example.com,49,São Paulo,field_24_5,field_24_6,field_24_7,field_24_8,field_24_9
25,Bob,diana@example.com,50,Paris,field_25_5,field_25_6,field_25_7,field_25_8,field_25_9
26,Frank,diana@example.com,51,London,field_26_5,field_26_6,field_26_7,field_26_8,field_26_9
27,Frank,frank@example.com,52,Berlin,field_27_5,field_27_6,field_27_7,field_27_8,field_27_9
28,Frank,frank@example.com,53,Sydney,field_28_5,field_28_6,field_28_7,field_28_8,field_28_9
29,🚀,diana@example.com,54,Sydney,москва,field_29_6,field_29_7,field_29_8,field_29_9
30,Charlie,diana@example.com,55,Berlin,field_30_5,field_30_6,field_30_7,field_30_8,field_30_9
31,Grace,frank@example.com,56,Berlin,field_31_5,field_31_6,field_31_7,field_31_8,field_31_9
32,Alice,alice@example.com,57,Paris,field_32_5,field_32_6,field_32_7,field_32_8,field_32_9
33,Charlie,alice@example.com,58,Berlin,field_33_5,field_33_6,field_33_7,field_33_8,field_33_9
34,Frank,frank@example.com,59,naïve,field_34_5,field_34_6,field_34_7,café,field_34_9
35,Charlie,frank@example.com,60,Tokyo,field_35_5,field_35_6,field_35_7,field_35_8,field_35_9
36,Alice,alice@example.com,61,London,field_36_5,field_36_6,field_36_7,field_36_8,field_36_9
37,Eve,diana@example.com,62,London,field_37_5,field_37_6,москва,field_37_8,field_37_9
38,Bob,bob@example.com,63,naïve,field_38_5,field_38_6,field_38_7,field_38_8,field_38_9
39,Charlie,frank@example.com,64,Sydney,field_39_5,field_39_6,field_39_7,field_39_8,field_39_9
40,Bob,grace@example.com,25,Paris,field_40_5,field_40_6,field_40_7,field_40_8,field_40_9
41,Grace,frank@example.com,26,Sydney,field_41_5,field_41_6,field_41_7,field_41_8,field_41_9
42,Charlie,grace@example.com,27,London,field_42_5,field_42_6,field_42_7,field_42_8,field_42_9
43,Bob,charlie@example.com,28,Sydney,field_43_5,field_43_6,field_43_7,field_43_8,field_43_9
44,Frank,alice@example.com,29,London,field_44_5,field_44_6,field_44_7,field_44_8,field_44_9
45,Grace,frank@example.com,30,Tokyo,field_45_5,field_45_6,field_45_7,field_45_8,field_45_9
46,Alice,alice@example.com,31,Berlin,field_46_5,field_46_6,field_46_7,field_46_8,field_46_9
47,Eve,frank@example.com,32,Paris,field_47_5,field_47_6,field_47_7,field_47_8,field_47_9
48,Frank,frank@example.com,33,Paris,field_48_5,field_48_6,field_48_7,field_48_8,field_48_9
49,Grace,bob@example.com,34,Paris,field_49_5,field_49_6,field_49_7,field_49_8,field_49_9
50,Bob,bob@example.com,35,New York,field_50_5,field_50_6,field_50_7,field_50_8,field_50_9
51,Grace,alice@example.com,36,Tokyo,field_51_5,field_51_6,field_51_7,field_51_8,field_51_9
52,Grace,bob@example.com,37,London,field_52_5,field_52_6,field_52_7,field_52_8,field_52_9
53,Frank,charlie@example.com,38,Sydney,field_53_5,field_53_6,field_53_7,москва,field_53_9
54,Frank,grace@example.com,39,Berlin,field_54_5,field_54_6,field_54_7,field_54_8,field_54_9
55,Grace,eve@example.com,40,Tokyo,field_55_5,field_55_6,field_55_7,field_55_8,résumé
56,Grace,eve@example.com,41,Sydney,field_56_5,field_56_6,field_56_7,field_56_8,field_56_9
57,Frank,eve@example.com,42,São Paulo,field_57_5,field_57_6,field_57_7,field_57_8,field_57_9
58,Eve,grace@example.com,43,Paris,field_58_5,field_58_6,field_58_7,field_58_8,field_58_9
59,Bob,bob@example.com,44,Tokyo,field_59_5,field_59_6,field_59_7,field_59_8,field_59_9
60,Charlie,frank@example.com,45,São Paulo,field_60_5,field_60_6,field_60_7,field_60_8,field_60_9
61,Charlie,diana@example.com,46,москва,field_61_5,field_61_6,field_61_7,field_61_8,field_61_9
62,Alice,eve@example.com,47,Paris,field_62_5,field_62_6,field_62_7,field_62_8,field_62_9
63,Alice,frank@example.com,48,New York,field_63_5,field_63_6,field_63_7,field_63_8,field_63_9
64,Charlie,eve@example.com,49,New York,field_64_5,field_64_6,field_64_7,field_64_8,field_64_9
65,Bob,eve@example.com,50,Tokyo,field_65_5,field_65_6,field_65_7,field_65_8,café
66,Alice,grace@example.com,51,Tokyo,field_66_5,field_66_6,field_66_7,field_66_8,field_66_9
67,Grace,bob@example.com,52,New York,field_67_5,field_67_6,field_67_7,field_67_8,field_67_9
68,Zürich,charlie@example.com,53,Paris,field_68_5,field_68_6,field_68_7,field_68_8,field_68_9
69,Charlie,alice@example.com,54,São Paulo,field_69_5,field_69_6,café,field_69_8,field_69_9
70,Bob,diana@example.com,55,São Paulo,field_70_5,field_70_6,field_70_7,field_70_8,field_70_9
71,Diana,eve@example.com,56,Paris,field_71_5,field_71_6,field_71_7,field_71_8,field_71_9
72,Grace,alice@example.com,57,Paris,field_72_5,field_72_6,field_72_7,field_72_8,field_72_9
73,Grace,bob@example.com,58,Tokyo,field_73_5,field_73_6,field_73_7,field_73_8,field_73_9
74,Frank,eve@example.com,59,Sydney,field_74_5,field_74_6,field_74_7,field_74_8,field_74_9
75,Frank,bob@example.com,60,Tokyo,field_75_5,field_75_6,field_75_7,field_75_8,field_75_9
76,Diana,alice@example.com,61,Paris,field_76_5,field_76_6,field_76_7,field_76_8,field_76_9
77,Eve,alice@example.com,62,Tokyo,field_77_5,field_77_6,field_77_7,field_77_8,field_77_9
78,Grace,diana@example.com,63,London,field_78_5,field_78_6,field_78_7,field_78_8,field_78_9
79,Bob,frank@example.com,64,Paris,field_79_5,field_79_6,field_79_7,field_79_8,field_79_9
80,Bob,bob@example.com,25,Paris,東京,field_80_6,field_80_7,field_80_8,field_80_9
81,Diana,charlie@example.com,26,London,field_81_5,field_81_6,東京,field_81_8,field_81_9
82,Diana,bob@example.com,27,São Paulo,field_82_5,field_82_6,field_82_7,field_82_8,field_82_9
83,Alice,frank@example.com,28,London,field_83_5,field_83_6,field_83_7,field_83_8,field_83_9
84,Frank,diana@example.com,29,Paris,field_84_5,field_84_6,field_84_7,field_84_8,field_84_9
85,Diana,bob@example.com,30,Sydney,field_85_5,field_85_6,field_85_7,field_85_8,field_85_9
86,Frank,bob@example.com,31,Sydney,field_86_5,🚀,field_86_7,field_86_8,field_86_9
87,Diana,bob@example.com,32,Berlin,field_87_5,field_87_6,field_87_7,field_87_8,field_87_9
88,Bob,grace@example.com,33,Tokyo,field_88_5,field_88_6,field_88_7,field_88_8,field_88_9
89,Charlie,eve@example.com,34,Tokyo,field_89_5,field_89_6,field_89_7,field_89_8,field_89_9
90,Eve,bob@example.com,35,São Paulo,field_90_5,field_90_6,field_90_7,field_90_8,field_90_9
91,Charlie,bob@example.com,36,Berlin,field_91_5,field_91_6,field_91_7,field_91_8,field_91_9
92,Grace,bob@example.com,37,New York,field_92_5,field_92_6,field_92_7,field_92_8,field_92_9
93,Grace,alice@example.com,38,café,field_93_5,field_93_6,field_93_7,field_93_8,field_93_9
94,Charlie,grace@example.com,39,Berlin,field_94_5,field_94_6,field_94_7,field_94_8,field_94_9
95,Bob,bob@example.com,40,New York,field_95_5,field_95_6,field_95_7,field_95_8,naïve
96,Alice,frank@example.com,41,London,field_96_5,field_96_6,field_96_7,field_96_8,field_96_9
97,Bob,alice@example.com,42,Tokyo,field_97_5,field_97_6,field_97_7,field_97_8,field_97_9
98,Grace,frank@example.com,43,São Paulo,field_98_5,field_98_6,field_98_7,field_98_8,field_98_9
99,Bob,alice@example.com,44,Tokyo,field_99_5,field_99_6,field_99_7,field_99_8,field_99_9
100,Bob,diana@example.com,45,Paris,field_100_5,field_100_6,field_100_7,field_100_8,field_100_9
101,Frank,frank@example.com,46,Tokyo,field_101_5,field_101_6,field_101_7,field_101_8,field_101_9
102,Eve,eve@example.com,47,São Paulo,field_102_5,field_102_6,field_102_7,field_102_8,field_102_9
103,Grace,diana@example.com,48,New York,field_103_5,москва,field_103_7,field_103_8,field_103_9
104,Eve,bob@example.com,49,New York,field_104_5,field_104_6,field_104_7,field_104_8,field_104_9
105,Grace,charlie@example.com,50,Tokyo,field_105_5,field_105_6,field_105_7,field_105_8,field_105_9
106,Frank,bob@example.com,51,New York,field_106_5,field_106_6,field_106_7,東京,field_106_9
107,Alice,diana@example.com,52,Tokyo,field_107_5,field_107_6,field_107_7,field_107_8,field_107_9
108,Grace,eve@example.com,53,Tokyo,field_108_5,field_108_6,field_108_7,field_108_8,field_108_9
109,Grace,bob@example.com,54,Tokyo,field_109_5,field_109_6,field_109_7,field_109_8,field_109_9
110,Diana,alice@example.com,55,東京,field_110_5,field_110_6,field_110_7,field_110_8,field_110_9
111,Grace,eve@example.com,56,New York,field_111_5,field_111_6,field_111_7,field_111_8,field_111_9
112,Charlie,eve@example.com,57,Paris,field_112_5,field_112_6,field_112_7,field_112_8,field_112_9
113,Bob,alice@example.com,58,Tokyo,field_113_5,field_113_6,field_113_7,field_113_8,field_113_9
114,Eve,alice@example.com,59,Sydney,field_114_5,field_114_6,field_114_7,field_114_8,field_114_9
115,Charlie,alice@example.com,60,São Paulo,field_115_5,field_115_6,field_115_7,field_115_8,field_115_9
116,Diana,grace@example.com,61,São Paulo,field_116_5,Zürich,field_116_7,field_116_8,field_116_9
117,Bob,grace@example.com,62,Sydney,field_117_5,field_117_6,field_117_7,field_117_8,field_117_9
118,Bob,diana@example.com,63,London,field_118_5,field_118_6,field_118_7,field_118_8,field_118_9
119,Frank,frank@example.com,64,São Paulo,field_119_5,field_119_6,field_119_7,field_119_8,field_119_9
120,Frank,eve@example.com,25,Berlin,field_120_5,field_120_6,field_120_7,field_120_8,field_120_9
121,Frank,alice@example.com,26,Tokyo,field_121_5,field_121_6,field_121_7,🚀,field_121_9
122,Charlie,charlie@example.com,27,café,field_122_5,field_122_6,field_122_7,field_122_8,field_122_9
123,Diana,charlie@example.com,28,Tokyo,field_123_5,field_123_6,field_123_7,field_123_8,field_123_9
124,Grace,grace@example.com,29,Paris,field_124_5,field_124_6,field_124_7,field_124_8,field_124_9
125,Frank,eve@example.com,30,Berlin,field_125_5,field_125_6,field_125_7,field_125_8,field_125_9
126,Frank,eve@example.com,31,東京,field_126_5,field_126_6,field_126_7,field_126_8,field_126_9
127,Charlie,charlie@example.com,32,résumé,field_127_5,field_127_6,field_127_7,field_127_8,field_127_9
128,Charlie,eve@example.com,33,London,field_128_5,field_128_6,field_128_7,field_128_8,field_128_9
129,Diana,eve@example.com,34,New York,field_129_5,field_129_6,field_129_7,field_129_8,field_129_9
130,Bob,charlie@example.com,35,Berlin,field_130_5,field_130_6,field_130_7,field_130_8,field_130_9
131,Bob,bob@example.com,36,Tokyo,field_131_5,field_131_6,field_131_7,field_131_8,field_131_9
132,Diana,frank@example.com,37,Tokyo,field_132_5,field_132_6,field_132_7,field_132_8,field_132_9
133,Alice,frank@example.com,38,Tokyo,field_133_5,field_133_6,field_133_7,field_133_8,field_133_9
134,Charlie,eve@example.com,39,London,field_134_5,field_134_6,field_134_7,field_134_8,field_134_9
135,Eve,grace@example.com,40,New York,field_135_5,field_135_6,field_135_7,field_135_8,field_135_9
136,Alice,diana@example.com,41,Sydney,field_136_5,field_136_6,field_136_7,field_136_8,field_136_9
137,Diana,alice@example.com,42,Tokyo,field_137_5,field_137_6,field_137_7,field_137_8,field_137_9
138,Grace,bob@example.com,43,New York,field_138_5,field_138_6,field_138_7,field_138_8,field_138_9
139,Eve,bob@example.com,44,London,field_139_5,field_139_6,field_139_7,field_139_8,field_139_9
140,Frank,grace@example.com,45,Berlin,field_140_5,field_140_6,field_140_7,field_140_8,field_140_9
141,Bob,grace@example.com,46,London,field_141_5,field_141_6,field_141_7,field_141_8,field_141_9
142,Charlie,eve@example.com,47,Sydney,field_142_5,field_142_6,field_142_7,field_142_8,field_142_9
143,Grace,bob@example.com,48,Tokyo,field_143_5,field_143_6,field_143_7,field_143_8,field_143_9
144,Grace,grace@example.com,49,Tokyo,field_144_5,field_144_6,field_144_7,field_144_8,field_144_9
145,Charlie,grace@example.com,50,Berlin,field_145_5,field_145_6,field_145_7,field_145_8,field_145_9
146,Frank,eve@example.com,51,Berlin,field_146_5,field_146_6,field_146_7,field_146_8,field_146_9
147,Diana,frank@example.com,52,New York,field_147_5,field_147_6,field_147_7,field_147_8,field_147_9
148,Grace,grace@example.com,53,Berlin,field_148_5,field_148_6,field_148_7,field_148_8,field_148_9
149,Charlie,diana@example.com,54,New York,field_149_5,field_149_6,field_149_7,field_149_8,field_149_9
150,Alice,bob@example.com,55,Sydney,field_150_5,résumé,field_150_7,field_150_8,field_150_9
151,Frank,frank@example.com,56,Berlin,field_151_5,field_151_6,field_151_7,field_151_8,field_151_9
152,café,grace@example.com,57,New York,field_152_5,field_152_6,field_152_7,field_152_8,field_152_9
153,Eve,charlie@example.com,58,London,field_153_5,field_153_6,field_153_7,field_153_8,field_153_9
154,café,diana@example.com,59,Paris,field_154_5,field_154_6,field_154_7,field_154_8,field_154_9
155,Bob,bob@example.com,60,New York,field_155_5,field_155_6,field_155_7,field_155_8,field_155_9
156,Bob,grace@example.com,61,Tokyo,field_156_5,field_156_6,field_156_7,field_156_8,field_156_9
157,Alice,bob@example.com,62,Tokyo,field_157_5,field_157_6,field_157_7,field_157_8,field_157_9
158,Zürich,bob@example.com,63,Tokyo,field_158_5,field_158_6,field_158_7,field_158_8,field_158_9
159,Frank,frank@example.com,64,Tokyo,field_159_5,field_159_6,field_159_7,field_159_8,field_159_9
160,naïve,alice@example.com,25,Paris,field_160_5,field_160_6,field_160_7,field_160_8,field_160_9
161,Grace,bob@example.com,26,New York,field_161_5,field_161_6,field_161_7,field_161_8,field_161_9
162,Charlie,bob@example.com,27,Sydney,field_162_5,field_162_6,field_162_7,field_162_8,field_162_9
163,Diana,frank@example.com,28,Paris,field_163_5,field_163_6,field_163_7,field_163_8,field_163_9
164,Alice,charlie@example.com,29,New York,field_164_5,field_164_6,field_164_7,field_164_8,field_164_9
165,Eve,alice@example.com,30,New York,field_165_5,field_165_6,field_165_7,field_165_8,field_165_9
166,Charlie,eve@example.com,31,Paris,field_166_5,field_166_6,field_166_7,field_166_8,field_166_9
167,Charlie,charlie@example.com,32,Tokyo,field_167_5,field_167_6,field_167_7,field_167_8,field_167_9
168,Diana,eve@example.com,33,Sydney,field_168_5,field_168_6,field_168_7,field_168_8,field_168_9
169,Diana,bob@example.com,34,New York,field_169_5,field_169_6,field_169_7,field_169_8,field_169_9
170,Charlie,frank@example.com,35,Sydney,field_170_5,field_170_6,field_170_7,field_170_8,field_170_9
171,Charlie,grace@example.com,36,Tokyo,field_171_5,field_171_6,café,field_171_8,field_171_9
172,Grace,diana@example.com,37,London,field_172_5,field_172_6,field_172_7,field_172_8,field_172_9
173,Eve,frank@example.com,38,Sydney,field_173_5,field_173_6,field_173_7,field_173_8,field_173_9
174,Alice,grace@example.com,39,Paris,field_174_5,field_174_6,field_174_7,field_174_8,field_174_9
175,Grace,grace@example.com,40,São Paulo,field_175_5,field_175_6,field_175_7,東京,field_175_9
176,москва,grace@example.com,41,Sydney,field_176_5,field_176_6,field_176_7,field_176_8,field_176_9
177,Frank,grace@example.com,42,New York,field_177_5,field_177_6,field_177_7,field_177_8,field_177_9
178,Bob,frank@example.com,43,Paris,field_178_5,field_178_6,field_178_7,field_178_8,field_178_9
179,Alice,frank@example.com,44,Sydney,field_179_5,field_179_6,field_179_7,field_179_8,field_179_9
180,Frank,alice@example.com,45,Berlin,field_180_5,field_180_6,field_180_7,field_180_8,field_180_9
181,Diana,frank@example.com,46,Paris,field_181_5,field_181_6,field_181_7,field_181_8,field_181_9
182,москва,diana@example.com,47,Sydney,field_182_5,field_182_6,field_182_7,field_182_8,field_182_9
183,Bob,frank@example.com,48,London,field_183_5,field_183_6,field_183_7,field_183_8,field_183_9
184,Charlie,eve@example.com,49,Paris,field_184_5,field_184_6,field_184_7,field_184_8,field_184_9
185,Charlie,grace@example.com,50,Berlin,field_185_5,field_185_6,field_185_7,field_185_8,field_185_9
186,Grace,charlie@example.com,51,London,field_186_5,field_186_6,field_186_7,field_186_8,field_186_9
187,Grace,diana@example.com,52,London,field_187_5,field_187_6,field_187_7,field_187_8,field_187_9
188,Grace,alice@example.com,53,Berlin,field_188_5,field_188_6,field_188_7,field_188_8,field_188_9
189,東京,grace@example.com,54,São Paulo,field_189_5,field_189_6,field_189_7,field_189_8,field_189_9
190,🚀,bob@example.com,55,🚀,field_190_5,field_190_6,field_190_7,field_190_8,field_190_9
191,Eve,eve@example.com,56,Paris,field_191_5,field_191_6,field_191_7,field_191_8,field_191_9
192,Diana,frank@example.com,57,New York,field_192_5,field_192_6,field_192_7,field_192_8,field_192_9
193,Charlie,frank@example.com,58,London,field_193_5,field_193_6,москва,field_193_8,field_193_9
194,Alice,charlie@example.com,59,Tokyo,field_194_5,field_194_6,field_194_7,field_194_8,field_194_9
195,Zürich,frank@example.com,60,São Paulo,field_195_5,field_195_6,field_195_7,field_195_8,field_195_9
196,Alice,grace@example.com,61,Berlin,field_196_5,field_196_6,field_196_7,field_196_8,field_196_9
197,Bob,diana@example.com,62,Paris,field_197_5,field_197_6,field_197_7,field_197_8,field_197_9
198,Charlie,charlie@example.com,63,Sydney,field_198_5,field_198_6,field_198_7,field_198_8,field_198_9
199,Alice,diana@example.com,64,New York,field_199_5,field_199_6,field_199_7,field_199_8,field_199_9
200,Frank,frank@example.com,25,Sydney,field_200_5,field_200_6,field_200_7,field_200_8,field_200_9
201,Zürich,grace@example.com,26,Berlin,field_201_5,field_201_6,field_201_7,field_201_8,field_201_9
202,Charlie,eve@example.com,27,Paris,field_202_5,field_202_6,field_202_7,field_202_8,field_202_9
203,café,grace@example.com,28,Tokyo,field_203_5,field_203_6,field_203_7,field_203_8,field_203_9
204,naïve,charlie@example.com,29,Paris,field_204_5,field_204_6,field_204_7,field_204_8,field_204_9
205,Grace,eve@example.com,30,São Paulo,field_205_5,field_205_6,field_205_7,café,field_205_9
206,Frank,grace@example.com,31,Berlin,field_206_5,field_206_6,field_206_7,field_206_8,field_206_9
207,Frank,bob@example.com,32,São Paulo,field_207_5,field_207_6,field_207_7,field_207_8,field_207_9
208,Diana,bob@example.com,33,London,field_208_5,field_208_6,field_208_7,field_208_8,field_208_9
209,Charlie,charlie@example.com,34,Tokyo,field_209_5,field_209_6,field_209_7,field_209_8,field_209_9
210,naïve,diana@example.com,35,Berlin,field_210_5,field_210_6,field_210_7,field_210_8,field_210_9
211,Grace,frank@example.com,36,São Paulo,field_211_5,field_211_6,field_211_7,field_211_8,field_211_9
212,Grace,frank@example.com,37,Tokyo,field_212_5,field_212_6,field_212_7,field_212_8,field_212_9
213,Bob,eve@example.com,38,Sydney,field_213_5,field_213_6,field_213_7,résumé,field_213_9
214,Grace,charlie@example.com,39,São Paulo,field_214_5,field_214_6,field_214_7,field_214_8,field_214_9
215,Diana,alice@example.com,40,Berlin,field_215_5,field_215_6,field_215_7,field_215_8,field_215_9
216,Diana,diana@example.com,41,naïve,field_216_5,field_216_6,field_216_7,field_216_8,field_216_9
217,Eve,grace@example.com,42,São Paulo,field_217_5,field_217_6,field_217_7,field_217_8,field_217_9
218,Bob,diana@example.com,43,Tokyo,field_218_5,field_218_6,field_218_7,field_218_8,field_218_9
219,Diana,bob@example.com,44,New York,field_219_5,field_219_6,field_219_7,field_219_8,field_219_9
220,Grace,charlie@example.com,45,Paris,field_220_5,field_220_6,field_220_7,field_220_8,field_220_9
221,Eve,alice@example.com,46,London,field_221_5,field_221_6,field_221_7,field_221_8,field_221_9
222,Charlie,charlie@example.com,47,London,field_222_5,field_222_6,field_222_7,field_222_8,field_222_9
223,Bob,diana@example.com,48,Tokyo,field_223_5,field_223_6,field_223_7,field_223_8,field_223_9
224,Grace,diana@example.com,49,New York,field_224_5,field_224_6,field_224_7,field_224_8,field_224_9
225,Bob,charlie@example.com,50,New York,field_225_5,field_225_6,field_225_7,field_225_8,field_225_9
226,Charlie,bob@example.com,51,London,field_226_5,field_226_6,field_226_7,field_226_8,field_226_9
227,Grace,frank@example.com,52,Berlin,field_227_5,field_227_6,field_227_7,field_227_8,field_227_9
228,Grace,bob@example.com,53,Tokyo,field_228_5,field_228_6,field_228_7,field_228_8,field_228_9
229,Bob,frank@example.com,54,Berlin,field_229_5,field_229_6,field_229_7,field_229_8,field_229_9
230,Charlie,eve@example.com,55,Tokyo,field_230_5,field_230_6,field_230_7,field_230_8,field_230_9
231,Charlie,frank@example.com,56,Tokyo,field_231_5,field_231_6,field_231_7,field_231_8,field_231_9
232,Bob,diana@example.com,57,Berlin,field_232_5,field_232_6,field_232_7,field_232_8,field_232_9
233,Diana,bob@example.com,58,London,field_233_5,field_233_6,field_233_7,field_233_8,field_233_9
234,Eve,bob@example.com,59,Berlin,field_234_5,field_234_6,field_234_7,field_234_8,field_234_9
235,Diana,charlie@example.com,60,Tokyo,field_235_5,field_235_6,field_235_7,field_235_8,résumé
236,Bob,diana@example.com,61,Paris,field_236_5,field_236_6,field_236_7,field_236_8,field_236_9
237,Alice,alice@example.com,62,東京,field_237_5,field_237_6,field_237_7,field_237_8,field_237_9
238,Grace,frank@example.com,63,New York,field_238_5,field_238_6,field_238_7,field_238_8,field_238_9
239,Grace,eve@example.com,64,London,field_239_5,field_239_6,field_239_7,field_239_8,field_239_9
240,Charlie,frank@example.com,25,résumé,field_240_5,field_240_6,field_240_7,field_240_8,field_240_9
241,Bob,diana@example.com,26,Paris,field_241_5,field_241_6,field_241_7,field_241_8,field_241_9
242,Grace,eve@example.com,27,London,field_242_5,field_242_6,field_242_7,field_242_8,field_242_9
243,Eve,grace@example.com,28,Tokyo,field_243_5,field_243_6,field_243_7,field_243_8,field_243_9
244,Frank,frank@example.com,29,Berlin,field_244_5,field_244_6,field_244_7,field_244_8,field_244_9
245,Frank,charlie@example.com,30,New York,field_245_5,field_245_6,field_245_7,field_245_8,field_245_9
246,Alice,bob@example.com,31,Berlin,field_246_5,field_246_6,field_246_7,field_246_8,field_246_9
247,Eve,diana@example.com,32,New York,field_247_5,field_247_6,field_247_7,field_247_8,field_247_9
248,Bob,diana@example.com,33,Sydney,東京,field_248_6,東京,field_248_8,field_248_9
249,Eve,alice@example.com,34,Tokyo,field_249_5,field_249_6,field_249_7,field_249_8,field_249_9
250,Frank,charlie@example.com,35,Paris,field_250_5,field_250_6,field_250_7,field_250_8,field_250_9
251,résumé,charlie@example.com,36,Berlin,field_251_5,field_251_6,field_251_7,field_251_8,field_251_9
252,Grace,alice@example.com,37,São Paulo,field_252_5,field_252_6,field_252_7,field_252_8,field_252_9
253,Frank,bob@example.com,38,São Paulo,field_253_5,field_253_6,field_253_7,field_253_8,field_253_9
254,Eve,charlie@example.com,39,Tokyo,field_254_5,field_254_6,field_254_7,field_254_8,field_254_9
255,Bob,diana@example.com,40,São Paulo,field_255_5,field_255_6,field_255_7,field_255_8,field_255_9
256,Bob,frank@example.com,41,New York,field_256_5,field_256_6,field_256_7,field_256_8,field_256_9
257,Charlie,frank@example.com,42,Paris,field_257_5,field_257_6,field_257_7,field_257_8,field_257_9
258,café,grace@example.com,43,Paris,field_258_5,field_258_6,field_258_7,field_258_8,field_258_9
259,Eve,frank@example.com,44,Paris,field_259_5,field_259_6,field_259_7,field_259_8,field_259_9
260,Frank,grace@example.com,45,Sydney,field_260_5,field_260_6,field_260_7,field_260_8,field_260_9
261,Charlie,alice@example.com,46,Paris,field_261_5,東京,field_261_7,field_261_8,field_261_9
262,Alice,grace@example.com,47,Berlin,field_262_5,field_262_6,field_262_7,field_262_8,field_262_9
263,Alice,charlie@example.com,48,New York,field_263_5,field_263_6,field_263_7,field_263_8,field_263_9
264,Bob,bob@example.com,49,Berlin,field_264_5,field_264_6,field_264_7,field_264_8,field_264_9
265,Frank,frank@example.com,50,москва,field_265_5,field_265_6,field_265_7,field_265_8,field_265_9
266,Eve,frank@example.com,51,Berlin,field_266_5,field_266_6,field_266_7,field_266_8,field_266_9
267,Alice,diana@example.com,52,New York,field_267_5,field_267_6,field_267_7,field_267_8,field_267_9
268,Diana,frank@example.com,53,New York,field_268_5,field_268_6,field_268_7,field_268_8,field_268_9
269,Alice,frank@example.com,54,São Paulo,field_269_5,field_269_6,field_269_7,field_269_8,field_269_9
270,résumé,bob@example.com,55,São Paulo,field_270_5,field_270_6,field_270_7,field_270_8,field_270_9
271,Eve,charlie@example.com,56,New York,field_271_5,field_271_6,field_271_7,field_271_8,field_271_9
272,café,alice@example.com,57,New York,field_272_5,field_272_6,field_272_7,field_272_8,field_272_9
273,Grace,frank@example.com,58,São Paulo,東京,field_273_6,field_273_7,field_273_8,field_273_9
274,Bob,eve@example.com,59,Berlin,field_274_5,field_274_6,field_274_7,field_274_8,field_274_9
275,naïve,frank@example.com,60,Berlin,field_275_5,field_275_6,field_275_7,field_275_8,field_275_9
276,naïve,diana@example.com,61,Paris,field_276_5,field_276_6,field_276_7,field_276_8,field_276_9
277,Frank,charlie@example.com,62,Sydney,field_277_5,field_277_6,東京,field_277_8,field_277_9
278,Alice,frank@example.com,63,London,field_278_5,field_278_6,field_278_7,field_278_8,field_278_9
279,Eve,grace@example.com,64,London,field_279_5,field_279_6,field_279_7,field_279_8,field_279_9
280,Diana,charlie@example.com,25,Paris,field_280_5,field_280_6,field_280_7,field_280_8,field_280_9
281,Charlie,eve@example.com,26,Tokyo,field_281_5,field_281_6,field_281_7,field_281_8,🚀
282,Eve,charlie@example.com,27,London,field_282_5,field_282_6,field_282_7,field_282_8,field_282_9
283,Bob,grace@example.com,28,Sydney,field_283_5,field_283_6,field_283_7,field_283_8,field_283_9
284,Diana,eve@example.com,29,São Paulo,field_284_5,field_284_6,field_284_7,field_284_8,field_284_9
285,Frank,charlie@example.com,30,São Paulo,field_285_5,field_285_6,field_285_7,field_285_8,field_285_9
286,Charlie,eve@example.com,31,Sydney,field_286_5,field_286_6,field_286_7,field_286_8,field_286_9
287,café,bob@example.com,32,São Paulo,field_287_5,field_287_6,field_287_7,field_287_8,field_287_9
288,Charlie,grace@example.com,33,Berlin,field_288_5,field_288_6,field_288_7,field_288_8,field_288_9
289,Diana,bob@example.com,34,Paris,field_289_5,field_289_6,field_289_7,field_289_8,field_289_9
290,Frank,grace@example.com,35,London,field_290_5,field_290_6,field_290_7,field_290_8,field_290_9
291,🚀,diana@example.com,36,London,field_291_5,field_291_6,field_291_7,field_291_8,field_291_9
292,Grace,eve@example.com,37,New York,field_292_5,field_292_6,field_292_7,field_292_8,field_292_9
293,Alice,bob@example.com,38,New York,field_293_5,field_293_6,field_293_7,field_293_8,field_293_9
294,Eve,grace@example.com,39,São Paulo,field_294_5,field_294_6,field_294_7,field_294_8,field_294_9
295,🚀,grace@example.com,40,Sydney,field_295_5,field_295_6,field_295_7,field_295_8,field_295_9
296,Eve,diana@example.com,41,Sydney,field_296_5,field_296_6,field_296_7,field_296_8,field_296_9
297,café,bob@example.com,42,Paris,field_297_5,field_297_6,field_297_7,field_297_8,field_297_9
298,Grace,diana@example.com,43,New York,field_298_5,field_298_6,field_298_7,field_298_8,field_298_9
299,Grace,diana@example.com,44,New York,field_299_5,field_299_6,field_299_7,field_299_8,field_299_9
300,Frank,charlie@example.com,45,Berlin,field_300_5,field_300_6,field_300_7,field_300_8,field_300_9
301,東京,frank@example.com,46,London,field_301_5,field_301_6,field_301_7,field_301_8,field_301_9
302,Diana,diana@example.com,47,Berlin,field_302_5,field_302_6,field_302_7,field_302_8,field_302_9
303,Alice,frank@example.com,48,Berlin,field_303_5,field_303_6,field_303_7,field_303_8,field_303_9
304,Grace,eve@example.com,49,Sydney,field_304_5,field_304_6,東京,field_304_8,field_304_9
305,Bob,alice@example.com,50,São Paulo,field_305_5,field_305_6,field_305_7,field_305_8,field_305_9
306,Alice,grace@example.com,51,Berlin,field_306_5,field_306_6,field_306_7,field_306_8,field_306_9
307,Grace,grace@example.com,52,New York,field_307_5,field_307_6,field_307_7,field_307_8,field_307_9
308,Alice,diana@example.com,53,São Paulo,field_308_5,field_308_6,field_308_7,field_308_8,field_308_9
309,Charlie,bob@example.com,54,Paris,field_309_5,field_309_6,field_309_7,field_309_8,field_309_9
310,Alice,alice@example.com,55,New York,field_310_5,field_310_6,field_310_7,field_310_8,field_310_9
311,Diana,frank@example.com,56,New York,field_311_5,field_311_6,field_311_7,field_311_8,field_311_9
312,Grace,bob@example.com,57,São Paulo,field_312_5,field_312_6,field_312_7,field_312_8,field_312_9
313,Alice,bob@example.com,58,New York,field_313_5,москва,field_313_7,field_313_8,field_313_9
314,Frank,eve@example.com,59,New York,field_314_5,field_314_6,field_314_7,field_314_8,field_314_9
315,Bob,grace@example.com,60,London,field_315_5,field_315_6,field_315_7,field_315_8,field_315_9
316,Grace,eve@example.com,61,New York,field_316_5,field_316_6,field_316_7,field_316_8,field_316_9
317,Grace,eve@example.com,62,Tokyo,field_317_5,field_317_6,field_317_7,field_317_8,field_317_9
318,Alice,alice@example.com,63,Berlin,field_318_5,field_318_6,field_318_7,field_318_8,field_318_9
319,Alice,alice@example.com,64,Tokyo,field_319_5,field_319_6,field_319_7,café,field_319_9
320,Alice,alice@example.com,25,naïve,field_320_5,field_320_6,field_320_7,field_320_8,field_320_9
321,Charlie,charlie@example.com,26,Sydney,field_321_5,field_321_6,field_321_7,field_321_8,field_321_9
322,Frank,alice@example.com,27,Paris,field_322_5,field_322_6,field_322_7,field_322_8,field_322_9
323,Alice,grace@example.com,28,Tokyo,field_323_5,field_323_6,field_323_7,field_323_8,field_323_9
324,Grace,eve@example.com,29,Tokyo,field_324_5,field_324_6,field_324_7,field_324_8,field_324_9
325,Alice,diana@example.com,30,Tokyo,field_325_5,field_325_6,field_325_7,field_325_8,field_325_9
326,Alice,charlie@example.com,31,Sydney,field_326_5,field_326_6,field_326_7,field_326_8,field_326_9
327,Diana,bob@example.com,32,Berlin,field_327_5,field_327_6,field_327_7,field_327_8,field_327_9
328,Alice,frank@example.com,33,Tokyo,field_328_5,field_328_6,field_328_7,field_328_8,field_328_9
329,Frank,diana@example.com,34,Berlin,field_329_5,field_329_6,field_329_7,field_329_8,field_329_9
330,Alice,bob@example.com,35,Paris,field_330_5,field_330_6,field_330_7,field_330_8,field_330_9
331,Charlie,alice@example.com,36,Berlin,field_331_5,field_331_6,field_331_7,field_331_8,field_331_9
332,Grace,grace@example.com,37,Paris,field_332_5,field_332_6,field_332_7,field_332_8,field_332_9
333,Bob,diana@example.com,38,Paris,field_333_5,field_333_6,field_333_7,field_333_8,field_333_9
334,Charlie,diana@example.com,39,Tokyo,field_334_5,field_334_6,field_334_7,field_334_8,field_334_9
335,🚀,bob@example.com,40,São Paulo,field_335_5,field_335_6,field_335_7,field_335_8,field_335_9
336,Alice,alice@example.com,41,New York,field_336_5,field_336_6,field_336_7,field_336_8,field_336_9
337,Grace,alice@example.com,42,Tokyo,field_337_5,field_337_6,field_337_7,field_337_8,field_337_9
338,Frank,charlie@example.com,43,New York,field_338_5,field_338_6,field_338_7,field_338_8,field_338_9
339,Eve,eve@example.com,44,São Paulo,field_339_5,field_339_6,field_339_7,field_339_8,field_339_9
340,Grace,charlie@example.com,45,Berlin,field_340_5,field_340_6,field_340_7,field_340_8,field_340_9
341,Alice,bob@example.com,46,Berlin,field_341_5,field_341_6,field_341_7,field_341_8,field_341_9
342,Charlie,alice@example.com,47,London,field_342_5,field_342_6,field_342_7,field_342_8,field_342_9
343,Grace,grace@example.com,48,Berlin,field_343_5,field_343_6,field_343_7,field_343_8,field_343_9
344,Eve,alice@example.com,49,São Paulo,field_344_5,field_344_6,field_344_7,field_344_8,field_344_9
345,Diana,diana@example.com,50,New York,field_345_5,field_345_6,field_345_7,field_345_8,field_345_9
346,Zürich,grace@example.com,51,New York,field_346_5,field_346_6,field_346_7,field_346_8,field_346_9
347,Bob,frank@example.com,52,New York,field_347_5,field_347_6,field_347_7,field_347_8,field_347_9
348,москва,bob@example.com,53,Tokyo,field_348_5,field_348_6,field_348_7,field_348_8,москва
349,Charlie,frank@example.com,54,São Paulo,field_349_5,field_349_6,field_349_7,field_349_8,field_349_9
350,москва,eve@example.com,55,London,field_350_5,field_350_6,field_350_7,field_350_8,field_350_9
351,Charlie,charlie@example.com,56,São Paulo,field_351_5,field_351_6,field_351_7,field_351_8,field_351_9
352,Frank,eve@example.com,57,Berlin,field_352_5,field_352_6,🚀,field_352_8,field_352_9
353,Alice,eve@example.com,58,New York,field_353_5,field_353_6,field_353_7,field_353_8,field_353_9
354,Diana,alice@example.com,59,São Paulo,field_354_5,field_354_6,field_354_7,field_354_8,field_354_9
355,Eve,alice@example.com,60,New York,field_355_5,field_355_6,field_355_7,field_355_8,field_355_9
356,Frank,frank@example.com,61,東京,field_356_5,field_356_6,field_356_7,field_356_8,field_356_9
357,Alice,alice@example.com,62,London,field_357_5,field_357_6,field_357_7,field_357_8,field_357_9
358,Charlie,diana@example.com,63,São Paulo,field_358_5,field_358_6,field_358_7,field_358_8,field_358_9
359,Alice,grace@example.com,64,Sydney,field_359_5,field_359_6,field_359_7,field_359_8,field_359_9
360,Eve,eve@example.com,25,Berlin,field_360_5,field_360_6,field_360_7,field_360_8,field_360_9
361,Alice,grace@example.com,26,New York,field_361_5,field_361_6,field_361_7,field_361_8,field_361_9
362,Diana,alice@example.com,27,Tokyo,field_362_5,field_362_6,field_362_7,field_362_8,field_362_9
363,Bob,diana@example.com,28,Berlin,field_363_5,field_363_6,field_363_7,field_363_8,field_363_9
364,Grace,frank@example.com,29,São Paulo,field_364_5,field_364_6,Zürich,field_364_8,field_364_9
365,Charlie,alice@example.com,30,São Paulo,field_365_5,field_365_6,field_365_7,field_365_8,field_365_9
366,Alice,alice@example.com,31,São Paulo,field_366_5,field_366_6,field_366_7,field_366_8,field_366_9
367,Alice,frank@example.com,32,Berlin,field_367_5,field_367_6,field_367_7,field_367_8,field_367_9
368,Bob,diana@example.com,33,Paris,field_368_5,field_368_6,field_368_7,field_368_8,field_368_9
369,Diana,charlie@example.com,34,Berlin,field_369_5,field_369_6,field_369_7,field_369_8,field_369_9
370,Bob,eve@example.com,35,Berlin,field_370_5,field_370_6,field_370_7,field_370_8,field_370_9
371,Frank,bob@example.com,36,Sydney,field_371_5,field_371_6,field_371_7,field_371_8,field_371_9
372,🚀,diana@example.com,37,New York,field_372_5,field_372_6,field_372_7,field_372_8,field_372_9
373,Grace,charlie@example.com,38,Berlin,field_373_5,field_373_6,field_373_7,field_373_8,field_373_9
374,Frank,bob@example.com,39,Tokyo,field_374_5,field_374_6,field_374_7,field_374_8,field_374_9
375,Charlie,charlie@example.com,40,Tokyo,field_375_5,field_375_6,field_375_7,field_375_8,Zürich
376,Alice,frank@example.com,41,Paris,field_376_5,field_376_6,field_376_7,field_376_8,field_376_9
377,Grace,charlie@example.com,42,New York,field_377_5,field_377_6,field_377_7,field_377_8,field_377_9
378,Bob,charlie@example.com,43,London,field_378_5,field_378_6,field_378_7,field_378_8,field_378_9
379,Bob,bob@example.com,44,Paris,field_379_5,field_379_6,field_379_7,field_379_8,field_379_9
380,Diana,diana@example.com,45,café,field_380_5,field_380_6,field_380_7,field_380_8,field_380_9
381,Diana,diana@example.com,46,Berlin,field_381_5,field_381_6,field_381_7,field_381_8,field_381_9
382,Eve,eve@example.com,47,Sydney,field_382_5,field_382_6,field_382_7,résumé,field_382_9
383,Frank,bob@example.com,48,New York,field_383_5,field_383_6,field_383_7,field_383_8,field_383_9
384,Eve,bob@example.com,49,New York,field_384_5,field_384_6,field_384_7,field_384_8,field_384_9
385,Diana,charlie@example.com,50,Sydney,field_385_5,field_385_6,naïve,field_385_8,field_385_9
386,東京,bob@example.com,51,São Paulo,field_386_5,field_386_6,field_386_7,field_386_8,field_386_9
387,Frank,alice@example.com,52,Sydney,field_387_5,field_387_6,field_387_7,field_387_8,field_387_9
388,Bob,diana@example.com,53,Berlin,field_388_5,field_388_6,field_388_7,field_388_8,field_388_9
389,Frank,eve@example.com,54,Sydney,field_389_5,field_389_6,field_389_7,field_389_8,field_389_9
390,Frank,diana@example.com,55,São Paulo,field_390_5,field_390_6,field_390_7,field_390_8,field_390_9
391,Diana,diana@example.com,56,New York,field_391_5,field_391_6,field_391_7,field_391_8,field_391_9
392,Bob,eve@example.com,57,Berlin,field_392_5,field_392_6,field_392_7,field_392_8,field_392_9
393,Grace,bob@example.com,58,New York,café,field_393_6,field_393_7,field_393_8,field_393_9
394,東京,alice@example.com,59,Tokyo,field_394_5,field_394_6,field_394_7,東京,field_394_9
395,Grace,alice@example.com,60,São Paulo,field_395_5,field_395_6,field_395_7,field_395_8,field_395_9
396,Grace,alice@example.com,61,New York,field_396_5,field_396_6,field_396_7,field_396_8,field_396_9
397,Grace,diana@example.com,62,Sydney,field_397_5,field_397_6,field_397_7,field_397_8,field_397_9
398,Eve,diana@example.com,63,Sydney,field_398_5,field_398_6,field_398_7,field_398_8,naïve
399,Grace,alice@example.com,64,Tokyo,field_399_5,field_399_6,field_399_7,field_399_8,field_399_9
400,Alice,charlie@example.com,25,Tokyo,field_400_5,field_400_6,field_400_7,field_400_8,field_400_9
401,Alice,charlie@example.com,26,London,field_401_5,field_401_6,field_401_7,field_401_8,field_401_9
402,Grace,diana@example.com,27,London,field_402_5,field_402_6,field_402_7,field_402_8,field_402_9
403,Alice,eve@example.com,28,Tokyo,field_403_5,field_403_6,field_403_7,field_403_8,field_403_9
404,résumé,grace@example.com,29,Tokyo,field_404_5,field_404_6,field_404_7,field_404_8,field_404_9
405,Eve,eve@example.com,30,Berlin,résumé,field_405_6,field_405_7,field_405_8,field_405_9
406,Eve,diana@example.com,31,Paris,field_406_5,field_406_6,field_406_7,field_406_8,field_406_9
407,Grace,grace@example.com,32,São Paulo,field_407_5,field_407_6,field_407_7,field_407_8,field_407_9
408,Grace,diana@example.com,33,Berlin,field_408_5,field_408_6,field_408_7,field_408_8,field_408_9
409,Frank,grace@example.com,34,London,field_409_5,field_409_6,field_409_7,field_409_8,field_409_9
410,Charlie,diana@example.com,35,Paris,field_410_5,field_410_6,field_410_7,field_410_8,field_410_9
411,Eve,eve@example.com,36,Tokyo,field_411_5,field_411_6,field_411_7,field_411_8,field_411_9
412,Eve,bob@example.com,37,New York,field_412_5,field_412_6,field_412_7,field_412_8,field_412_9
413,Charlie,bob@example.com,38,Paris,field_413_5,field_413_6,field_413_7,field_413_8,field_413_9
414,Frank,frank@example.com,39,москва,field_414_5,field_414_6,東京,field_414_8,field_414_9
415,Bob,grace@example.com,40,São Paulo,field_415_5,field_415_6,field_415_7,field_415_8,field_415_9
416,Bob,bob@example.com,41,Berlin,field_416_5,field_416_6,field_416_7,field_416_8,field_416_9
417,Bob,alice@example.com,42,Paris,field_417_5,field_417_6,field_417_7,field_417_8,field_417_9
418,Charlie,grace@example.com,43,São Paulo,field_418_5,field_418_6,東京,field_418_8,field_418_9
419,Grace,frank@example.com,44,London,field_419_5,field_419_6,field_419_7,🚀,field_419_9
420,🚀,diana@example.com,45,Tokyo,field_420_5,field_420_6,field_420_7,field_420_8,field_420_9
421,Diana,alice@example.com,46,London,field_421_5,field_421_6,field_421_7,field_421_8,field_421_9
422,Diana,diana@example.com,47,New York,field_422_5,field_422_6,field_422_7,field_422_8,field_422_9
423,Eve,eve@example.com,48,London,field_423_5,field_423_6,field_423_7,field_423_8,field_423_9
424,Charlie,eve@example.com,49,Berlin,field_424_5,field_424_6,field_424_7,field_424_8,field_424_9
425,Charlie,bob@example.com,50,New York,field_425_5,field_425_6,field_425_7,field_425_8,field_425_9
426,Eve,frank@example.com,51,Tokyo,field_426_5,field_426_6,field_426_7,field_426_8,field_426_9
427,Bob,charlie@example.com,52,Paris,field_427_5,field_427_6,field_427_7,field_427_8,field_427_9
428,Grace,charlie@example.com,53,Sydney,field_428_5,field_428_6,field_428_7,field_428_8,field_428_9
429,Eve,charlie@example.com,54,New York,field_429_5,field_429_6,field_429_7,field_429_8,field_429_9
430,Bob,alice@example.com,55,Paris,field_430_5,field_430_6,field_430_7,field_430_8,field_430_9
431,Grace,alice@example.com,56,Berlin,field_431_5,field_431_6,field_431_7,field_431_8,field_431_9
432,Grace,frank@example.com,57,London,naïve,field_432_6,field_432_7,field_432_8,field_432_9
433,Bob,frank@example.com,58,Paris,field_433_5,field_433_6,field_433_7,field_433_8,field_433_9
434,Diana,charlie@example.com,59,São Paulo,field_434_5,field_434_6,Zürich,field_434_8,field_434_9
435,Charlie,charlie@example.com,60,São Paulo,field_435_5,field_435_6,Zürich,field_435_8,field_435_9
436,Frank,eve@example.com,61,Berlin,field_436_5,field_436_6,field_436_7,field_436_8,field_436_9
437,résumé,bob@example.com,62,Paris,field_437_5,field_437_6,field_437_7,Zürich,field_437_9
438,Diana,alice@example.com,63,Paris,field_438_5,field_438_6,field_438_7,field_438_8,field_438_9
439,Alice,frank@example.com,64,London,field_439_5,field_439_6,field_439_7,field_439_8,field_439_9
440,🚀,alice@example.com,25,São Paulo,москва,field_440_6,field_440_7,field_440_8,field_440_9
441,Diana,frank@example.com,26,東京,field_441_5,field_441_6,field_441_7,field_441_8,field_441_9
442,Eve,alice@example.com,27,Tokyo,field_442_5,field_442_6,field_442_7,field_442_8,field_442_9
443,Eve,frank@example.com,28,Paris,field_443_5,field_443_6,field_443_7,field_443_8,field_443_9
444,Alice,grace@example.com,29,London,field_444_5,field_444_6,field_444_7,field_444_8,field_444_9
445,Eve,frank@example.com,30,Sydney,Zürich,field_445_6,field_445_7,field_445_8,field_445_9
446,Charlie,frank@example.com,31,New York,field_446_5,field_446_6,field_446_7,field_446_8,field_446_9
447,Bob,charlie@example.com,32,Berlin,field_447_5,field_447_6,field_447_7,field_447_8,field_447_9
448,Bob,eve@example.com,33,London,field_448_5,field_448_6,field_448_7,field_448_8,field_448_9
449,Bob,alice@example.com,34,Tokyo,field_449_5,field_449_6,field_449_7,field_449_8,field_449_9
450,Grace,alice@example.com,35,New York,field_450_5,field_450_6,field_450_7,field_450_8,field_450_9
451,café,diana@example.com,36,São Paulo,field_451_5,field_451_6,москва,field_451_8,field_451_9
452,café,frank@example.com,37,Paris,field_452_5,field_452_6,field_452_7,field_452_8,field_452_9
453,café,eve@example.com,38,New York,field_453_5,field_453_6,field_453_7,field_453_8,field_453_9
454,москва,charlie@example.com,39,Paris,field_454_5,field_454_6,field_454_7,field_454_8,field_454_9
455,café,diana@example.com,40,London,field_455_5,field_455_6,field_455_7,field_455_8,field_455_9
456,🚀,grace@example.com,41,Sydney,field_456_5,field_456_6,field_456_7,field_456_8,field_456_9
457,Eve,charlie@example.com,42,New York,field_457_5,field_457_6,field_457_7,field_457_8,field_457_9
458,Alice,eve@example.com,43,Tokyo,field_458_5,field_458_6,field_458_7,field_458_8,field_458_9
459,Charlie,eve@example.com,44,New York,field_459_5,field_459_6,field_459_7,field_459_8,field_459_9
460,Eve,frank@example.com,45,London,field_460_5,field_460_6,field_460_7,field_460_8,field_460_9
461,Grace,eve@example.com,46,London,field_461_5,field_461_6,field_461_7,field_461_8,field_461_9
462,Eve,bob@example.com,47,Sydney,field_462_5,field_462_6,field_462_7,field_462_8,field_462_9
463,café,grace@example.com,48,São Paulo,field_463_5,field_463_6,field_463_7,field_463_8,field_463_9
464,Grace,bob@example.com,49,Paris,field_464_5,field_464_6,field_464_7,field_464_8,field_464_9
465,Alice,eve@example.com,50,Berlin,field_465_5,field_465_6,field_465_7,field_465_8,field_465_9
466,naïve,charlie@example.com,51,Berlin,field_466_5,field_466_6,field_466_7,field_466_8,field_466_9
467,Charlie,grace@example.com,52,São Paulo,field_467_5,field_467_6,field_467_7,field_467_8,field_467_9
468,Bob,grace@example.com,53,London,field_468_5,field_468_6,field_468_7,field_468_8,field_468_9
469,Grace,alice@example.com,54,São Paulo,field_469_5,field_469_6,field_469_7,field_469_8,field_469_9
470,Frank,alice@example.com,55,New York,field_470_5,field_470_6,field_470_7,field_470_8,field_470_9
471,Frank,bob@example.com,56,London,field_471_5,field_471_6,field_471_7,field_471_8,field_471_9
472,🚀,bob@example.com,57,Berlin,field_472_5,field_472_6,field_472_7,field_472_8,field_472_9
473,Charlie,frank@example.com,58,Sydney,field_473_5,field_473_6,field_473_7,field_473_8,field_473_9
474,Eve,charlie@example.com,59,New York,field_474_5,field_474_6,field_474_7,field_474_8,field_474_9
475,Bob,grace@example.com,60,Zürich,field_475_5,field_475_6,field_475_7,field_475_8,field_475_9
476,Alice,eve@example.com,61,Sydney,field_476_5,field_476_6,field_476_7,field_476_8,field_476_9
477,Alice,frank@example.com,62,New York,field_477_5,field_477_6,field_477_7,field_477_8,field_477_9
478,Eve,alice@example.com,63,Tokyo,field_478_5,field_478_6,field_478_7,field_478_8,field_478_9
479,Eve,frank@example.com,64,Berlin,field_479_5,field_479_6,field_479_7,field_479_8,field_479_9
480,Frank,alice@example.com,25,São Paulo,field_480_5,field_480_6,field_480_7,field_480_8,field_480_9
481,Frank,grace@example.com,26,Berlin,field_481_5,field_481_6,résumé,field_481_8,field_481_9
482,Charlie,alice@example.com,27,Paris,field_482_5,field_482_6,field_482_7,field_482_8,field_482_9
483,Frank,diana@example.com,28,São Paulo,naïve,field_483_6,field_483_7,field_483_8,field_483_9
484,Diana,grace@example.com,29,Tokyo,field_484_5,field_484_6,field_484_7,field_484_8,field_484_9
485,Diana,grace@example.com,30,New York,field_485_5,field_485_6,field_485_7,field_485_8,field_485_9
486,Alice,alice@example.com,31,Berlin,field_486_5,field_486_6,field_486_7,field_486_8,field_486_9
487,Alice,frank@example.com,32,London,field_487_5,field_487_6,field_487_7,field_487_8,field_487_9
488,Alice,eve@example.com,33,Sydney,field_488_5,field_488_6,field_488_7,field_488_8,field_488_9
489,café,eve@example.com,34,Berlin,field_489_5,field_489_6,field_489_7,field_489_8,field_489_9
490,Charlie,bob@example.com,35,Sydney,field_490_5,field_490_6,field_490_7,field_490_8,field_490_9
491,Alice,alice@example.com,36,Tokyo,field_491_5,field_491_6,field_491_7,field_491_8,field_491_9
492,Charlie,frank@example.com,37,Tokyo,field_492_5,field_492_6,field_492_7,field_492_8,field_492_9
493,Charlie,frank@example.com,38,New York,Zürich,field_493_6,field_493_7,field_493_8,field_493_9
494,Frank,bob@example.com,39,São Paulo,field_494_5,field_494_6,field_494_7,field_494_8,field_494_9
495,Bob,diana@example.com,40,Sydney,field_495_5,field_495_6,field_495_7,field_495_8,field_495_9
496,Charlie,bob@example.com,41,Berlin,field_496_5,field_496_6,field_496_7,field_496_8,field_496_9
497,Charlie,diana@example.com,42,Paris,field_497_5,field_497_6,field_497_7,field_497_8,field_497_9
498,Eve,bob@example.com,43,Paris,field_498_5,field_498_6,field_498_7,field_498_8,field_498_9
499,東京,bob@example.com,44,Sydney,field_499_5,field_499_6,field_499_7,field_499_8,field_499_9
500,Bob,grace@example.com,45,London,field_500_5,field_500_6,field_500_7,field_500_8,field_500_9
501,Eve,bob@example.com,46,London,café,field_501_6,field_501_7,field_501_8,field_501_9
502,Grace,diana@example.com,47,Tokyo,field_502_5,field_502_6,field_502_7,field_502_8,field_502_9
503,Grace,eve@example.com,48,Paris,field_503_5,field_503_6,field_503_7,field_503_8,field_503_9
504,Grace,frank@example.com,49,Sydney,field_504_5,field_504_6,field_504_7,field_504_8,field_504_9
505,Frank,charlie@example.com,50,Sydney,field_505_5,field_505_6,field_505_7,field_505_8,field_505_9
506,Diana,eve@example.com,51,Berlin,field_506_5,field_506_6,field_506_7,field_506_8,field_506_9
507,Grace,alice@example.com,52,London,field_507_5,field_507_6,field_507_7,field_507_8,field_507_9
508,Frank,frank@example.com,53,東京,field_508_5,field_508_6,field_508_7,field_508_8,field_508_9
509,Alice,grace@example.com,54,Berlin,field_509_5,field_509_6,field_509_7,field_509_8,field_509_9
510,Eve,eve@example.com,55,Berlin,field_510_5,field_510_6,field_510_7,field_510_8,field_510_9
511,Grace,eve@example.com,56,Berlin,field_511_5,field_511_6,field_511_7,field_511_8,field_511_9
512,Grace,alice@example.com,57,Berlin,field_512_5,field_512_6,field_512_7,field_512_8,field_512_9
513,Bob,frank@example.com,58,São Paulo,field_513_5,field_513_6,field_513_7,field_513_8,field_513_9
514,Frank,frank@example.com,59,London,field_514_5,field_514_6,field_514_7,field_514_8,field_514_9
515,Charlie,diana@example.com,60,Paris,field_515_5,field_515_6,field_515_7,field_515_8,field_515_9
516,Eve,diana@example.com,61,New York,field_516_5,field_516_6,field_516_7,field_516_8,field_516_9
517,naïve,eve@example.com,62,Tokyo,field_517_5,field_517_6,field_517_7,field_517_8,field_517_9
518,Frank,charlie@example.com,63,São Paulo,field_518_5,field_518_6,field_518_7,field_518_8,field_518_9
519,Charlie,grace@example.com,64,Tokyo,field_519_5,field_519_6,field_519_7,field_519_8,field_519_9
520,Charlie,alice@example.com,25,London,field_520_5,field_520_6,field_520_7,field_520_8,field_520_9
521,Grace,alice@example.com,26,London,field_521_5,field_521_6,field_521_7,field_521_8,field_521_9
522,москва,eve@example.com,27,Sydney,field_522_5,field_522_6,field_522_7,field_522_8,field_522_9
523,Frank,alice@example.com,28,Paris,field_523_5,field_523_6,field_523_7,field_523_8,field_523_9
524,Bob,alice@example.com,29,London,field_524_5,field_524_6,field_524_7,field_524_8,field_524_9
525,москва,alice@example.com,30,Sydney,field_525_5,field_525_6,field_525_7,café,field_525_9
526,Eve,eve@example.com,31,London,field_526_5,field_526_6,field_526_7,field_526_8,field_526_9
527,Diana,frank@example.com,32,São Paulo,field_527_5,field_527_6,field_527_7,field_527_8,field_527_9
528,Bob,eve@example.com,33,London,field_528_5,field_528_6,field_528_7,field_528_8,field_528_9
529,Charlie,charlie@example.com,34,São Paulo,field_529_5,field_529_6,field_529_7,field_529_8,field_529_9
530,Alice,eve@example.com,35,São Paulo,field_530_5,field_530_6,field_530_7,field_530_8,field_530_9
531,Charlie,charlie@example.com,36,London,field_531_5,field_531_6,field_531_7,field_531_8,東京
532,Eve,bob@example.com,37,Berlin,field_532_5,field_532_6,field_532_7,field_532_8,field_532_9
533,Charlie,grace@example.com,38,Sydney,field_533_5,field_533_6,field_533_7,field_533_8,field_533_9
534,Alice,grace@example.com,39,Paris,field_534_5,field_534_6,field_534_7,field_534_8,field_534_9
535,Bob,grace@example.com,40,Tokyo,field_535_5,field_535_6,field_535_7,field_535_8,field_535_9
536,Diana,frank@example.com,41,Berlin,field_536_5,field_536_6,field_536_7,field_536_8,field_536_9
537,Charlie,frank@example.com,42,Berlin,🚀,field_537_6,field_537_7,field_537_8,field_537_9
538,Alice,eve@example.com,43,London,field_538_5,field_538_6,field_538_7,field_538_8,field_538_9
539,Grace,grace@example.com,44,London,field_539_5,field_539_6,field_539_7,field_539_8,field_539_9
540,Bob,eve@example.com,45,New York,field_540_5,field_540_6,field_540_7,field_540_8,field_540_9
541,Grace,frank@example.com,46,São Paulo,field_541_5,field_541_6,field_541_7,field_541_8,field_541_9
542,Eve,grace@example.com,47,São Paulo,field_542_5,field_542_6,field_542_7,field_542_8,field_542_9
543,Grace,charlie@example.com,48,Paris,field_543_5,field_543_6,field_543_7,field_543_8,field_543_9
544,Alice,eve@example.com,49,São Paulo,field_544_5,field_544_6,field_544_7,field_544_8,field_544_9
545,Grace,frank@example.com,50,Sydney,field_545_5,field_545_6,field_545_7,field_545_8,field_545_9
546,Alice,eve@example.com,51,Tokyo,field_546_5,field_546_6,field_546_7,field_546_8,field_546_9
547,Alice,frank@example.com,52,Zürich,field_547_5,naïve,field_547_7,field_547_8,field_547_9
548,москва,bob@example.com,53,Paris,field_548_5,field_548_6,field_548_7,field_548_8,field_548_9
549,Bob,charlie@example.com,54,Sydney,field_549_5,field_549_6,field_549_7,field_549_8,field_549_9
550,Charlie,charlie@example.com,55,São Paulo,field_550_5,field_550_6,field_550_7,field_550_8,field_550_9
551,Charlie,grace@example.com,56,Paris,field_551_5,field_551_6,field_551_7,field_551_8,field_551_9
552,Grace,charlie@example.com,57,Paris,field_552_5,field_552_6,field_552_7,field_552_8,field_552_9
553,Frank,alice@example.com,58,Sydney,field_553_5,field_553_6,field_553_7,field_553_8,field_553_9
554,Charlie,eve@example.com,59,café,field_554_5,field_554_6,field_554_7,field_554_8,field_554_9
555,Grace,charlie@example.com,60,Paris,field_555_5,field_555_6,field_555_7,field_555_8,field_555_9
556,Frank,charlie@example.com,61,Paris,field_556_5,field_556_6,field_556_7,field_556_8,field_556_9
557,Frank,frank@example.com,62,São Paulo,field_557_5,field_557_6,field_557_7,field_557_8,field_557_9
558,Charlie,eve@example.com,63,São Paulo,field_558_5,field_558_6,field_558_7,field_558_8,field_558_9
559,Charlie,grace@example.com,64,São Paulo,field_559_5,field_559_6,field_559_7,field_559_8,field_559_9
560,Bob,grace@example.com,25,New York,field_560_5,field_560_6,field_560_7,field_560_8,field_560_9
561,Alice,grace@example.com,26,New York,field_561_5,field_561_6,field_561_7,field_561_8,field_561_9
562,Frank,eve@example.com,27,Sydney,field_562_5,field_562_6,field_562_7,field_562_8,field_562_9
563,Diana,charlie@example.com,28,Sydney,field_563_5,field_563_6,field_563_7,🚀,field_563_9
564,Eve,charlie@example.com,29,Tokyo,field_564_5,field_564_6,field_564_7,field_564_8,field_564_9
565,Diana,bob@example.com,30,Paris,field_565_5,field_565_6,field_565_7,field_565_8,field_565_9
566,Diana,charlie@example.com,31,Paris,field_566_5,field_566_6,field_566_7,field_566_8,field_566_9
567,Eve,grace@example.com,32,London,field_567_5,field_567_6,field_567_7,field_567_8,field_567_9
568,Diana,charlie@example.com,33,Berlin,field_568_5,field_568_6,field_568_7,field_568_8,field_568_9
569,Eve,alice@example.com,34,Paris,field_569_5,field_569_6,field_569_7,field_569_8,field_569_9
570,Grace,eve@example.com,35,São Paulo,field_570_5,field_570_6,naïve,field_570_8,field_570_9
571,Eve,grace@example.com,36,Sydney,field_571_5,field_571_6,field_571_7,field_571_8,field_571_9
572,Bob,grace@example.com,37,Paris,field_572_5,field_572_6,field_572_7,field_572_8,field_572_9
573,Eve,eve@example.com,38,New York,field_573_5,field_573_6,field_573_7,field_573_8,field_573_9
574,🚀,eve@example.com,39,Berlin,field_574_5,field_574_6,field_574_7,field_574_8,field_574_9
575,résumé,charlie@example.com,40,Sydney,field_575_5,field_575_6,field_575_7,field_575_8,field_575_9
576,Bob,charlie@example.com,41,Tokyo,field_576_5,москва,field_576_7,field_576_8,field_576_9
577,Eve,alice@example.com,42,London,field_577_5,field_577_6,field_577_7,field_577_8,field_577_9
578,Grace,bob@example.com,43,Tokyo,field_578_5,field_578_6,field_578_7,field_578_8,field_578_9
579,Grace,grace@example.com,44,Paris,field_579_5,field_579_6,field_579_7,field_579_8,field_579_9
580,москва,charlie@example.com,45,São Paulo,field_580_5,field_580_6,field_580_7,field_580_8,field_580_9
581,Charlie,grace@example.com,46,Sydney,field_581_5,field_581_6,field_581_7,field_581_8,field_581_9
582,москва,diana@example.com,47,London,field_582_5,field_582_6,field_582_7,field_582_8,field_582_9
583,Alice,bob@example.com,48,New York,field_583_5,field_583_6,field_583_7,field_583_8,field_583_9
584,Eve,charlie@example.com,49,São Paulo,field_584_5,🚀,field_584_7,field_584_8,field_584_9
585,Eve,bob@example.com,50,Berlin,field_585_5,field_585_6,field_585_7,field_585_8,field_585_9
586,Bob,bob@example.com,51,New York,field_586_5,field_586_6,field_586_7,field_586_8,field_586_9
587,Diana,bob@example.com,52,Tokyo,field_587_5,field_587_6,naïve,field_587_8,field_587_9
588,🚀,eve@example.com,53,Berlin,field_588_5,field_588_6,field_588_7,field_588_8,field_588_9
589,Frank,alice@example.com,54,London,field_589_5,field_589_6,field_589_7,field_589_8,field_589_9
590,Charlie,frank@example.com,55,Berlin,field_590_5,field_590_6,field_590_7,field_590_8,field_590_9
591,Zürich,grace@example.com,56,London,field_591_5,field_591_6,field_591_7,field_591_8,field_591_9
592,Frank,alice@example.com,57,London,field_592_5,field_592_6,field_592_7,field_592_8,field_592_9
593,Frank,bob@example.com,58,Sydney,field_593_5,field_593_6,field_593_7,field_593_8,東京
594,москва,eve@example.com,59,London,field_594_5,field_594_6,field_594_7,field_594_8,field_594_9
595,Bob,bob@example.com,60,Paris,field_595_5,field_595_6,field_595_7,field_595_8,field_595_9
596,Diana,eve@example.com,61,Sydney,field_596_5,field_596_6,field_596_7,field_596_8,field_596_9
597,Alice,charlie@example.com,62,New York,field_597_5,field_597_6,field_597_7,field_597_8,field_597_9
598,Diana,bob@example.com,63,Berlin,field_598_5,field_598_6,field_598_7,field_598_8,field_598_9
599,Charlie,bob@example.com,64,New York,field_599_5,field_599_6,field_599_7,field_599_8,field_599_9
600,Eve,grace@example.com,25,Paris,field_600_5,field_600_6,field_600_7,field_600_8,field_600_9
601,Frank,eve@example.com,26,Tokyo,field_601_5,field_601_6,field_601_7,field_601_8,field_601_9
602,Alice,diana@example.com,27,São Paulo,field_602_5,field_602_6,naïve,東京,field_602_9
603,Eve,bob@example.com,28,東京,field_603_5,field_603_6,field_603_7,field_603_8,field_603_9
604,Grace,eve@example.com,29,Berlin,field_604_5,field_604_6,field_604_7,field_604_8,field_604_9
605,Charlie,eve@example.com,30,São Paulo,field_605_5,field_605_6,field_605_7,field_605_8,field_605_9
606,Charlie,diana@example.com,31,São Paulo,field_606_5,field_606_6,field_606_7,field_606_8,field_606_9
607,café,grace@example.com,32,São Paulo,field_607_5,field_607_6,🚀,field_607_8,field_607_9
608,Eve,eve@example.com,33,New York,field_608_5,field_608_6,field_608_7,field_608_8,field_608_9
609,Eve,alice@example.com,34,Sydney,field_609_5,field_609_6,field_609_7,field_609_8,field_609_9
610,Diana,charlie@example.com,35,Berlin,field_610_5,field_610_6,field_610_7,field_610_8,field_610_9
611,Alice,diana@example.com,36,Sydney,field_611_5,field_611_6,field_611_7,field_611_8,field_611_9
612,Frank,alice@example.com,37,Berlin,field_612_5,field_612_6,field_612_7,field_612_8,field_612_9
613,Frank,alice@example.com,38,Sydney,field_613_5,field_613_6,field_613_7,field_613_8,field_613_9
614,Eve,diana@example.com,39,São Paulo,field_614_5,field_614_6,field_614_7,field_614_8,field_614_9
615,Zürich,alice@example.com,40,Tokyo,field_615_5,field_615_6,field_615_7,field_615_8,field_615_9
616,Charlie,frank@example.com,41,Paris,field_616_5,field_616_6,field_616_7,field_616_8,field_616_9
617,Alice,bob@example.com,42,Paris,field_617_5,field_617_6,field_617_7,field_617_8,field_617_9
618,Alice,bob@example.com,43,São Paulo,field_618_5,field_618_6,field_618_7,field_618_8,field_618_9
619,москва,eve@example.com,44,Sydney,field_619_5,field_619_6,field_619_7,field_619_8,field_619_9
620,Bob,diana@example.com,45,Tokyo,field_620_5,field_620_6,field_620_7,field_620_8,field_620_9
621,Eve,charlie@example.com,46,Tokyo,field_621_5,field_621_6,field_621_7,field_621_8,field_621_9
622,Eve,grace@example.com,47,New York,field_622_5,field_622_6,field_622_7,field_622_8,field_622_9
623,résumé,grace@example.com,48,London,field_623_5,field_623_6,field_623_7,field_623_8,москва
624,Grace,frank@example.com,49,New York,field_624_5,field_624_6,field_624_7,field_624_8,field_624_9
625,Alice,frank@example.com,50,Sydney,field_625_5,field_625_6,field_625_7,field_625_8,field_625_9
626,Grace,eve@example.com,51,café,field_626_5,field_626_6,field_626_7,field_626_8,field_626_9
627,Diana,charlie@example.com,52,London,field_627_5,field_627_6,field_627_7,field_627_8,field_627_9
628,Charlie,diana@example.com,53,Paris,field_628_5,field_628_6,field_628_7,field_628_8,field_628_9
629,Diana,alice@example.com,54,Tokyo,field_629_5,field_629_6,field_629_7,field_629_8,field_629_9
630,Frank,diana@example.com,55,Paris,field_630_5,field_630_6,field_630_7,field_630_8,field_630_9
631,Charlie,grace@example.com,56,Tokyo,field_631_5,field_631_6,field_631_7,field_631_8,field_631_9
632,Charlie,eve@example.com,57,London,field_632_5,field_632_6,field_632_7,field_632_8,field_632_9
633,Frank,diana@example.com,58,résumé,field_633_5,field_633_6,field_633_7,field_633_8,field_633_9
634,Grace,frank@example.com,59,Berlin,field_634_5,field_634_6,field_634_7,field_634_8,field_634_9
635,Diana,eve@example.com,60,Berlin,field_635_5,field_635_6,field_635_7,field_635_8,field_635_9
636,Eve,grace@example.com,61,Berlin,field_636_5,field_636_6,field_636_7,field_636_8,field_636_9
637,Bob,charlie@example.com,62,Sydney,field_637_5,field_637_6,field_637_7,field_637_8,field_637_9
638,Diana,charlie@example.com,63,Paris,field_638_5,field_638_6,field_638_7,field_638_8,field_638_9
639,Diana,charlie@example.com,64,New York,field_639_5,field_639_6,field_639_7,field_639_8,field_639_9
640,Alice,grace@example.com,25,São Paulo,field_640_5,field_640_6,field_640_7,field_640_8,field_640_9
641,Eve,alice@example.com,26,São Paulo,field_641_5,field_641_6,field_641_7,field_641_8,field_641_9
642,Grace,diana@example.com,27,Paris,field_642_5,field_642_6,field_642_7,field_642_8,field_642_9
643,Diana,frank@example.com,28,Berlin,field_643_5,field_643_6,field_643_7,field_643_8,field_643_9
644,Bob,frank@example.com,29,Berlin,résumé,field_644_6,field_644_7,field_644_8,field_644_9
645,Frank,diana@example.com,30,Berlin,field_645_5,field_645_6,field_645_7,field_645_8,field_645_9
646,Eve,alice@example.com,31,Sydney,field_646_5,field_646_6,field_646_7,field_646_8,field_646_9
647,Bob,grace@example.com,32,Berlin,field_647_5,field_647_6,field_647_7,field_647_8,field_647_9
648,Diana,eve@example.com,33,New York,field_648_5,field_648_6,field_648_7,field_648_8,field_648_9
649,Frank,bob@example.com,34,New York,field_649_5,field_649_6,field_649_7,field_649_8,field_649_9
650,Charlie,grace@example.com,35,Sydney,field_650_5,field_650_6,field_650_7,field_650_8,field_650_9
651,Frank,diana@example.com,36,Paris,field_651_5,field_651_6,field_651_7,field_651_8,field_651_9
652,Diana,bob@example.com,37,São Paulo,field_652_5,field_652_6,field_652_7,field_652_8,field_652_9
653,Frank,charlie@example.com,38,Berlin,field_653_5,field_653_6,field_653_7,field_653_8,field_653_9
654,Alice,eve@example.com,39,São Paulo,field_654_5,field_654_6,field_654_7,field_654_8,field_654_9
655,Frank,bob@example.com,40,Paris,field_655_5,field_655_6,field_655_7,field_655_8,field_655_9
656,Diana,alice@example.com,41,Berlin,field_656_5,field_656_6,field_656_7,field_656_8,field_656_9
657,Charlie,frank@example.com,42,Paris,field_657_5,field_657_6,field_657_7,field_657_8,field_657_9
658,Bob,eve@example.com,43,Berlin,field_658_5,field_658_6,field_658_7,field_658_8,field_658_9
659,Eve,diana@example.com,44,Sydney,field_659_5,field_659_6,field_659_7,field_659_8,field_659_9
660,Alice,alice@example.com,45,New York,field_660_5,field_660_6,field_660_7,field_660_8,field_660_9
661,Bob,diana@example.com,46,résumé,field_661_5,field_661_6,field_661_7,field_661_8,field_661_9
662,Charlie,charlie@example.com,47,Tokyo,field_662_5,field_662_6,field_662_7,field_662_8,field_662_9
663,Grace,eve@example.com,48,São Paulo,field_663_5,field_663_6,field_663_7,field_663_8,field_663_9
664,Grace,frank@example.com,49,Berlin,field_664_5,field_664_6,field_664_7,field_664_8,field_664_9
665,Alice,alice@example.com,50,New York,field_665_5,field_665_6,field_665_7,field_665_8,field_665_9
666,Alice,diana@example.com,51,Sydney,field_666_5,field_666_6,field_666_7,field_666_8,field_666_9
667,Eve,diana@example.com,52,New York,field_667_5,field_667_6,field_667_7,field_667_8,field_667_9
668,Eve,eve@example.com,53,Berlin,field_668_5,field_668_6,field_668_7,field_668_8,field_668_9
669,Grace,grace@example.com,54,Paris,field_669_5,field_669_6,field_669_7,field_669_8,field_669_9
670,Eve,diana@example.com,55,Sydney,field_670_5,field_670_6,field_670_7,field_670_8,field_670_9
671,Frank,diana@example.com,56,Paris,field_671_5,field_671_6,field_671_7,field_671_8,field_671_9
672,москва,bob@example.com,57,🚀,field_672_5,field_672_6,field_672_7,field_672_8,field_672_9
673,Charlie,eve@example.com,58,Berlin,field_673_5,field_673_6,résumé,field_673_8,field_673_9
674,Grace,frank@example.com,59,London,field_674_5,field_674_6,field_674_7,field_674_8,field_674_9
675,Diana,frank@example.com,60,Tokyo,field_675_5,field_675_6,field_675_7,field_675_8,field_675_9
676,résumé,frank@example.com,61,Berlin,field_676_5,field_676_6,field_676_7,field_676_8,field_676_9
677,Diana,charlie@example.com,62,Paris,field_677_5,field_677_6,field_677_7,field_677_8,field_677_9
678,Charlie,eve@example.com,63,Sydney,field_678_5,field_678_6,field_678_7,field_678_8,field_678_9
679,Frank,eve@example.com,64,Paris,field_679_5,field_679_6,field_679_7,field_679_8,field_679_9
680,Grace,bob@example.com,25,Paris,field_680_5,field_680_6,field_680_7,field_680_8,field_680_9
681,Bob,grace@example.com,26,Tokyo,field_681_5,field_681_6,field_681_7,field_681_8,field_681_9
682,Charlie,diana@example.com,27,New York,field_682_5,field_682_6,field_682_7,field_682_8,field_682_9
683,Frank,bob@example.com,28,São Paulo,field_683_5,field_683_6,field_683_7,field_683_8,field_683_9
684,Charlie,charlie@example.com,29,Sydney,field_684_5,field_684_6,field_684_7,field_684_8,field_684_9
685,Charlie,frank@example.com,30,São Paulo,field_685_5,field_685_6,field_685_7,field_685_8,field_685_9
686,Frank,grace@example.com,31,東京,field_686_5,field_686_6,field_686_7,field_686_8,field_686_9
687,Eve,bob@example.com,32,Tokyo,field_687_5,field_687_6,field_687_7,field_687_8,field_687_9
688,Bob,grace@example.com,33,Berlin,field_688_5,field_688_6,field_688_7,field_688_8,field_688_9
689,Frank,eve@example.com,34,Sydney,field_689_5,field_689_6,field_689_7,field_689_8,field_689_9
690,Eve,grace@example.com,35,London,field_690_5,field_690_6,field_690_7,field_690_8,field_690_9
691,Bob,eve@example.com,36,Tokyo,field_691_5,field_691_6,field_691_7,field_691_8,field_691_9
692,Frank,bob@example.com,37,Tokyo,field_692_5,field_692_6,field_692_7,field_692_8,field_692_9
693,Grace,charlie@example.com,38,Tokyo,field_693_5,field_693_6,field_693_7,field_693_8,field_693_9
694,Bob,alice@example.com,39,Sydney,field_694_5,field_694_6,field_694_7,field_694_8,field_694_9
695,Bob,alice@example.com,40,São Paulo,field_695_5,field_695_6,field_695_7,field_695_8,field_695_9
696,Frank,diana@example.com,41,São Paulo,field_696_5,field_696_6,field_696_7,field_696_8,field_696_9
697,Eve,frank@example.com,42,Sydney,field_697_5,field_697_6,field_697_7,field_697_8,field_697_9
698,Eve,frank@example.com,43,東京,field_698_5,field_698_6,field_698_7,field_698_8,field_698_9
699,Charlie,charlie@example.com,44,São Paulo,field_699_5,field_699_6,field_699_7,field_699_8,field_699_9
700,Charlie,charlie@example.com,45,Paris,field_700_5,field_700_6,field_700_7,field_700_8,field_700_9
701,Charlie,eve@example.com,46,москва,field_701_5,field_701_6,field_701_7,field_701_8,field_701_9
702,Alice,frank@example.com,47,São Paulo,field_702_5,field_702_6,field_702_7,field_702_8,field_702_9
703,🚀,frank@example.com,48,Berlin,field_703_5,field_703_6,field_703_7,field_703_8,field_703_9
704,Bob,bob@example.com,49,Berlin,field_704_5,field_704_6,field_704_7,field_704_8,field_704_9
705,Charlie,eve@example.com,50,Paris,field_705_5,field_705_6,field_705_7,field_705_8,field_705_9
706,Frank,charlie@example.com,51,London,field_706_5,field_706_6,field_706_7,field_706_8,field_706_9
707,Diana,frank@example.com,52,Berlin,field_707_5,field_707_6,field_707_7,field_707_8,field_707_9
708,Diana,alice@example.com,53,Berlin,field_708_5,field_708_6,field_708_7,field_708_8,field_708_9
709,Bob,charlie@example.com,54,Berlin,field_709_5,field_709_6,field_709_7,field_709_8,field_709_9
710,Diana,alice@example.com,55,Sydney,field_710_5,field_710_6,field_710_7,field_710_8,field_710_9
711,Diana,eve@example.com,56,Paris,field_711_5,field_711_6,field_711_7,field_711_8,field_711_9
712,Frank,alice@example.com,57,Tokyo,field_712_5,field_712_6,field_712_7,field_712_8,field_712_9
713,Charlie,diana@example.com,58,London,field_713_5,field_713_6,field_713_7,field_713_8,field_713_9
714,🚀,bob@example.com,59,Sydney,field_714_5,field_714_6,field_714_7,field_714_8,field_714_9
715,Frank,charlie@example.com,60,São Paulo,field_715_5,field_715_6,field_715_7,field_715_8,field_715_9
716,Eve,frank@example.com,61,Sydney,field_716_5,field_716_6,field_716_7,field_716_8,field_716_9
717,Frank,alice@example.com,62,Paris,field_717_5,field_717_6,field_717_7,field_717_8,field_717_9
718,Eve,eve@example.com,63,São Paulo,field_718_5,field_718_6,field_718_7,field_718_8,field_718_9
719,Charlie,frank@example.com,64,New York,東京,field_719_6,field_719_7,🚀,field_719_9
720,Diana,grace@example.com,25,Sydney,field_720_5,field_720_6,field_720_7,field_720_8,field_720_9
721,Frank,alice@example.com,26,Berlin,field_721_5,field_721_6,field_721_7,field_721_8,field_721_9
722,Diana,charlie@example.com,27,Paris,field_722_5,field_722_6,field_722_7,field_722_8,field_722_9
723,Grace,eve@example.com,28,Tokyo,field_723_5,field_723_6,field_723_7,field_723_8,field_723_9
724,Bob,eve@example.com,29,Tokyo,field_724_5,naïve,field_724_7,field_724_8,field_724_9
725,Diana,charlie@example.com,30,Tokyo,field_725_5,field_725_6,field_725_7,café,field_725_9
726,Bob,frank@example.com,31,Berlin,field_726_5,field_726_6,field_726_7,field_726_8,field_726_9
727,Zürich,eve@example.com,32,Berlin,field_727_5,москва,field_727_7,field_727_8,field_727_9
728,Alice,grace@example.com,33,New York,field_728_5,field_728_6,field_728_7,field_728_8,field_728_9
729,Frank,grace@example.com,34,москва,field_729_5,field_729_6,field_729_7,field_729_8,field_729_9
730,Alice,bob@example.com,35,Paris,field_730_5,field_730_6,field_730_7,field_730_8,москва
731,Eve,diana@example.com,36,São Paulo,field_731_5,field_731_6,field_731_7,field_731_8,field_731_9
732,Frank,grace@example.com,37,Berlin,field_732_5,field_732_6,field_732_7,field_732_8,field_732_9
733,Diana,eve@example.com,38,Paris,field_733_5,field_733_6,field_733_7,field_733_8,field_733_9
734,Charlie,eve@example.com,39,Paris,field_734_5,field_734_6,field_734_7,field_734_8,field_734_9
735,Grace,alice@example.com,40,Paris,field_735_5,field_735_6,field_735_7,field_735_8,field_735_9
736,москва,charlie@example.com,41,Berlin,field_736_5,field_736_6,field_736_7,field_736_8,field_736_9
737,Frank,frank@example.com,42,Berlin,🚀,field_737_6,field_737_7,field_737_8,field_737_9
738,Eve,alice@example.com,43,Zürich,field_738_5,field_738_6,field_738_7,field_738_8,field_738_9
739,Grace,charlie@example.com,44,London,field_739_5,field_739_6,field_739_7,field_739_8,field_739_9
740,🚀,alice@example.com,45,New York,field_740_5,field_740_6,field_740_7,field_740_8,field_740_9
741,Charlie,diana@example.com,46,Berlin,field_741_5,field_741_6,field_741_7,field_741_8,field_741_9
742,Grace,bob@example.com,47,São Paulo,field_742_5,field_742_6,field_742_7,field_742_8,field_742_9
743,Alice,charlie@example.com,48,Berlin,field_743_5,field_743_6,field_743_7,field_743_8,field_743_9
744,Bob,frank@example.com,49,New York,field_744_5,field_744_6,field_744_7,field_744_8,field_744_9
745,Diana,alice@example.com,50,Paris,field_745_5,field_745_6,field_745_7,field_745_8,field_745_9
746,Charlie,diana@example.com,51,Paris,field_746_5,field_746_6,field_746_7,field_746_8,résumé
747,Eve,alice@example.com,52,Berlin,field_747_5,field_747_6,field_747_7,field_747_8,field_747_9
748,Grace,charlie@example.com,53,Tokyo,field_748_5,field_748_6,field_748_7,field_748_8,field_748_9
749,🚀,charlie@example.com,54,Paris,field_749_5,москва,field_749_7,field_749_8,field_749_9
750,Diana,grace@example.com,55,café,field_750_5,field_750_6,field_750_7,field_750_8,field_750_9
751,Bob,alice@example.com,56,London,field_751_5,field_751_6,field_751_7,field_751_8,café
752,Frank,charlie@example.com,57,Tokyo,field_752_5,field_752_6,field_752_7,field_752_8,field_752_9
753,Diana,bob@example.com,58,London,field_753_5,field_753_6,field_753_7,field_753_8,field_753_9
754,Diana,frank@example.com,59,Sydney,field_754_5,field_754_6,field_754_7,field_754_8,field_754_9
755,Frank,alice@example.com,60,New York,field_755_5,field_755_6,field_755_7,field_755_8,field_755_9
756,Alice,charlie@example.com,61,Sydney,field_756_5,field_756_6,field_756_7,field_756_8,field_756_9
757,Alice,diana@example.com,62,London,field_757_5,field_757_6,field_757_7,field_757_8,field_757_9
758,Diana,alice@example.com,63,Sydney,field_758_5,field_758_6,field_758_7,field_758_8,field_758_9
759,Frank,bob@example.com,64,東京,field_759_5,field_759_6,field_759_7,naïve,field_759_9
760,Charlie,grace@example.com,25,New York,field_760_5,field_760_6,field_760_7,field_760_8,field_760_9
761,Bob,alice@example.com,26,Paris,field_761_5,field_761_6,field_761_7,field_761_8,field_761_9
762,Frank,bob@example.com,27,São Paulo,field_762_5,field_762_6,field_762_7,field_762_8,field_762_9
763,Charlie,charlie@example.com,28,Sydney,field_763_5,field_763_6,field_763_7,field_763_8,field_763_9
764,Eve,charlie@example.com,29,Tokyo,field_764_5,field_764_6,field_764_7,field_764_8,field_764_9
765,Frank,grace@example.com,30,São Paulo,field_765_5,field_765_6,field_765_7,field_765_8,field_765_9
766,Alice,eve@example.com,31,Paris,field_766_5,field_766_6,field_766_7,field_766_8,field_766_9
767,Alice,charlie@example.com,32,résumé,field_767_5,field_767_6,field_767_7,field_767_8,field_767_9
768,Grace,alice@example.com,33,Tokyo,field_768_5,field_768_6,field_768_7,field_768_8,field_768_9
769,Charlie,alice@example.com,34,Sydney,field_769_5,field_769_6,field_769_7,field_769_8,field_769_9
770,Charlie,frank@example.com,35,São Paulo,field_770_5,field_770_6,field_770_7,field_770_8,field_770_9
771,Frank,bob@example.com,36,Berlin,field_771_5,field_771_6,field_771_7,field_771_8,field_771_9
772,Charlie,bob@example.com,37,São Paulo,field_772_5,field_772_6,field_772_7,field_772_8,field_772_9
773,Diana,bob@example.com,38,São Paulo,field_773_5,field_773_6,field_773_7,field_773_8,field_773_9
774,🚀,diana@example.com,39,London,field_774_5,field_774_6,field_774_7,field_774_8,field_774_9
775,Diana,alice@example.com,40,London,field_775_5,field_775_6,field_775_7,field_775_8,field_775_9
776,Charlie,eve@example.com,41,Sydney,field_776_5,field_776_6,field_776_7,field_776_8,field_776_9
777,москва,frank@example.com,42,Berlin,field_777_5,field_777_6,field_777_7,field_777_8,field_777_9
778,Eve,eve@example.com,43,New York,field_778_5,field_778_6,field_778_7,field_778_8,field_778_9
779,Charlie,frank@example.com,44,Sydney,field_779_5,field_779_6,field_779_7,field_779_8,field_779_9
780,Alice,grace@example.com,45,London,field_780_5,field_780_6,field_780_7,field_780_8,field_780_9
781,москва,diana@example.com,46,New York,field_781_5,field_781_6,field_781_7,field_781_8,field_781_9
782,Grace,eve@example.com,47,Sydney,field_782_5,field_782_6,field_782_7,field_782_8,field_782_9
783,Grace,frank@example.com,48,New York,field_783_5,field_783_6,field_783_7,field_783_8,field_783_9
784,Eve,bob@example.com,49,Sydney,field_784_5,field_784_6,field_784_7,field_784_8,field_784_9
785,Eve,grace@example.com,50,London,field_785_5,field_785_6,field_785_7,field_785_8,field_785_9
786,Diana,alice@example.com,51,Paris,field_786_5,field_786_6,field_786_7,field_786_8,field_786_9
787,Alice,bob@example.com,52,Sydney,東京,field_787_6,field_787_7,field_787_8,field_787_9
788,Diana,grace@example.com,53,café,field_788_5,field_788_6,field_788_7,field_788_8,field_788_9
789,café,frank@example.com,54,Paris,field_789_5,field_789_6,field_789_7,field_789_8,field_789_9
790,Diana,bob@example.com,55,São Paulo,field_790_5,field_790_6,field_790_7,field_790_8,field_790_9
791,Charlie,alice@example.com,56,Paris,field_791_5,field_791_6,field_791_7,field_791_8,field_791_9
792,Alice,charlie@example.com,57,Berlin,field_792_5,field_792_6,field_792_7,field_792_8,field_792_9
793,Charlie,diana@example.com,58,Berlin,field_793_5,field_793_6,field_793_7,field_793_8,field_793_9
794,Alice,grace@example.com,59,New York,field_794_5,field_794_6,field_794_7,field_794_8,field_794_9
795,Bob,frank@example.com,60,Sydney,field_795_5,field_795_6,field_795_7,field_795_8,field_795_9
796,Diana,charlie@example.com,61,São Paulo,field_796_5,field_796_6,field_796_7,field_796_8,field_796_9
797,Frank,frank@example.com,62,Berlin,field_797_5,field_797_6,field_797_7,field_797_8,field_797_9
798,Charlie,alice@example.com,63,São Paulo,field_798_5,field_798_6,field_798_7,field_798_8,field_798_9
799,Alice,eve@example.com,64,New York,field_799_5,field_799_6,field_799_7,field_799_8,field_799_9
800,Eve,alice@example.com,25,café,field_800_5,field_800_6,field_800_7,field_800_8,field_800_9
801,Grace,charlie@example.com,26,Paris,field_801_5,field_801_6,field_801_7,field_801_8,field_801_9
802,Eve,eve@example.com,27,Paris,field_802_5,field_802_6,field_802_7,résumé,field_802_9
803,東京,grace@example.com,28,Paris,field_803_5,field_803_6,field_803_7,field_803_8,field_803_9
804,Frank,grace@example.com,29,Paris,field_804_5,field_804_6,field_804_7,field_804_8,field_804_9
805,🚀,charlie@example.com,30,Berlin,field_805_5,field_805_6,field_805_7,field_805_8,field_805_9
806,Grace,grace@example.com,31,New York,field_806_5,field_806_6,field_806_7,field_806_8,field_806_9
807,Alice,bob@example.com,32,Berlin,field_807_5,field_807_6,field_807_7,field_807_8,field_807_9
808,Frank,eve@example.com,33,Tokyo,field_808_5,field_808_6,field_808_7,field_808_8,field_808_9
809,Bob,charlie@example.com,34,Sydney,field_809_5,field_809_6,field_809_7,field_809_8,field_809_9
810,Frank,grace@example.com,35,Sydney,field_810_5,field_810_6,field_810_7,field_810_8,field_810_9
811,Charlie,bob@example.com,36,London,field_811_5,field_811_6,field_811_7,field_811_8,field_811_9
812,Alice,bob@example.com,37,москва,field_812_5,field_812_6,field_812_7,field_812_8,field_812_9
813,🚀,diana@example.com,38,London,field_813_5,field_813_6,field_813_7,field_813_8,field_813_9
814,Charlie,bob@example.com,39,Tokyo,field_814_5,field_814_6,field_814_7,field_814_8,field_814_9
815,Eve,diana@example.com,40,Tokyo,field_815_5,🚀,field_815_7,field_815_8,Zürich
816,Charlie,alice@example.com,41,New York,field_816_5,field_816_6,field_816_7,field_816_8,field_816_9
817,Diana,frank@example.com,42,Paris,field_817_5,field_817_6,field_817_7,field_817_8,field_817_9
818,Frank,diana@example.com,43,London,field_818_5,field_818_6,field_818_7,field_818_8,field_818_9
819,Alice,diana@example.com,44,Sydney,field_819_5,field_819_6,field_819_7,field_819_8,field_819_9
820,Eve,diana@example.com,45,New York,field_820_5,field_820_6,field_820_7,field_820_8,field_820_9
821,Grace,frank@example.com,46,Tokyo,field_821_5,field_821_6,field_821_7,field_821_8,field_821_9
822,Alice,charlie@example.com,47,Berlin,field_822_5,field_822_6,field_822_7,field_822_8,field_822_9
823,Bob,grace@example.com,48,Sydney,field_823_5,field_823_6,🚀,résumé,field_823_9
824,Alice,charlie@example.com,49,São Paulo,field_824_5,Zürich,field_824_7,field_824_8,field_824_9
825,Diana,alice@example.com,50,Sydney,field_825_5,field_825_6,field_825_7,field_825_8,field_825_9
826,Diana,charlie@example.com,51,Zürich,field_826_5,field_826_6,field_826_7,field_826_8,field_826_9
827,Diana,eve@example.com,52,Sydney,field_827_5,field_827_6,field_827_7,field_827_8,field_827_9
828,Charlie,charlie@example.com,53,London,field_828_5,field_828_6,field_828_7,field_828_8,Zürich
829,Frank,frank@example.com,54,London,field_829_5,field_829_6,field_829_7,field_829_8,field_829_9
830,Frank,frank@example.com,55,London,field_830_5,field_830_6,field_830_7,field_830_8,field_830_9
831,Charlie,alice@example.com,56,Sydney,field_831_5,field_831_6,field_831_7,field_831_8,field_831_9
832,Charlie,eve@example.com,57,London,field_832_5,field_832_6,field_832_7,field_832_8,field_832_9
833,Charlie,bob@example.com,58,London,field_833_5,field_833_6,field_833_7,field_833_8,field_833_9
834,Bob,grace@example.com,59,Paris,field_834_5,field_834_6,field_834_7,field_834_8,field_834_9
835,Alice,bob@example.com,60,New York,field_835_5,field_835_6,field_835_7,naïve,field_835_9
836,Diana,grace@example.com,61,Sydney,field_836_5,field_836_6,field_836_7,field_836_8,field_836_9
837,Diana,grace@example.com,62,Paris,field_837_5,field_837_6,field_837_7,field_837_8,field_837_9
838,Frank,diana@example.com,63,London,résumé,field_838_6,field_838_7,field_838_8,field_838_9
839,Charlie,bob@example.com,64,Berlin,field_839_5,field_839_6,field_839_7,field_839_8,field_839_9
840,Bob,charlie@example.com,25,New York,field_840_5,field_840_6,field_840_7,field_840_8,field_840_9
841,Bob,diana@example.com,26,café,field_841_5,field_841_6,field_841_7,field_841_8,field_841_9
842,café,diana@example.com,27,Sydney,field_842_5,field_842_6,field_842_7,field_842_8,field_842_9
843,Grace,charlie@example.com,28,Tokyo,field_843_5,field_843_6,field_843_7,field_843_8,field_843_9
844,Eve,grace@example.com,29,Sydney,field_844_5,field_844_6,field_844_7,field_844_8,field_844_9
845,Alice,frank@example.com,30,São Paulo,field_845_5,field_845_6,field_845_7,field_845_8,field_845_9
846,Bob,diana@example.com,31,New York,field_846_5,field_846_6,field_846_7,field_846_8,field_846_9
847,Diana,charlie@example.com,32,Sydney,field_847_5,field_847_6,field_847_7,field_847_8,field_847_9
848,Bob,grace@example.com,33,Berlin,field_848_5,field_848_6,field_848_7,field_848_8,field_848_9
849,Grace,bob@example.com,34,naïve,field_849_5,field_849_6,field_849_7,field_849_8,field_849_9
850,Frank,alice@example.com,35,London,field_850_5,field_850_6,field_850_7,field_850_8,field_850_9
851,Alice,eve@example.com,36,Berlin,field_851_5,field_851_6,field_851_7,field_851_8,field_851_9
852,Grace,frank@example.com,37,London,field_852_5,field_852_6,field_852_7,field_852_8,field_852_9
853,Charlie,diana@example.com,38,London,field_853_5,café,field_853_7,field_853_8,field_853_9
854,Diana,eve@example.com,39,London,field_854_5,field_854_6,field_854_7,field_854_8,field_854_9
855,Grace,bob@example.com,40,Paris,field_855_5,field_855_6,field_855_7,field_855_8,field_855_9
856,Bob,diana@example.com,41,London,field_856_5,field_856_6,field_856_7,field_856_8,field_856_9
857,Eve,diana@example.com,42,London,field_857_5,field_857_6,field_857_7,field_857_8,field_857_9
858,Diana,frank@example.com,43,Tokyo,field_858_5,field_858_6,field_858_7,field_858_8,москва
859,Eve,charlie@example.com,44,São Paulo,field_859_5,field_859_6,field_859_7,field_859_8,field_859_9
860,Frank,bob@example.com,45,London,field_860_5,field_860_6,field_860_7,field_860_8,field_860_9
861,Alice,frank@example.com,46,résumé,field_861_5,field_861_6,field_861_7,field_861_8,field_861_9
862,Bob,grace@example.com,47,London,field_862_5,field_862_6,field_862_7,field_862_8,field_862_9
863,Bob,frank@example.com,48,London,field_863_5,field_863_6,field_863_7,field_863_8,field_863_9
864,Frank,diana@example.com,49,São Paulo,field_864_5,field_864_6,field_864_7,field_864_8,field_864_9
865,Bob,alice@example.com,50,résumé,field_865_5,field_865_6,field_865_7,field_865_8,field_865_9
866,Eve,frank@example.com,51,naïve,field_866_5,field_866_6,field_866_7,field_866_8,field_866_9
867,Alice,alice@example.com,52,Paris,field_867_5,field_867_6,field_867_7,field_867_8,field_867_9
868,Diana,charlie@example.com,53,Paris,field_868_5,naïve,field_868_7,field_868_8,field_868_9
869,Eve,diana@example.com,54,Paris,field_869_5,field_869_6,field_869_7,field_869_8,field_869_9
870,Grace,bob@example.com,55,Tokyo,field_870_5,field_870_6,field_870_7,field_870_8,field_870_9
871,Grace,eve@example.com,56,Berlin,field_871_5,field_871_6,field_871_7,field_871_8,café
872,Alice,diana@example.com,57,São Paulo,field_872_5,field_872_6,field_872_7,field_872_8,field_872_9
873,東京,bob@example.com,58,Tokyo,field_873_5,field_873_6,field_873_7,field_873_8,field_873_9
874,Diana,frank@example.com,59,London,field_874_5,field_874_6,field_874_7,field_874_8,field_874_9
875,café,charlie@example.com,60,Berlin,field_875_5,field_875_6,field_875_7,field_875_8,field_875_9
876,Frank,grace@example.com,61,New York,field_876_5,field_876_6,field_876_7,field_876_8,field_876_9
877,Alice,bob@example.com,62,São Paulo,field_877_5,field_877_6,field_877_7,field_877_8,field_877_9
878,Eve,charlie@example.com,63,Tokyo,field_878_5,field_878_6,field_878_7,field_878_8,field_878_9
879,москва,grace@example.com,64,London,field_879_5,field_879_6,field_879_7,field_879_8,field_879_9
880,Bob,grace@example.com,25,Sydney,field_880_5,field_880_6,field_880_7,field_880_8,field_880_9
881,Eve,frank@example.com,26,Sydney,field_881_5,field_881_6,field_881_7,field_881_8,field_881_9
882,Frank,diana@example.com,27,New York,field_882_5,field_882_6,field_882_7,field_882_8,field_882_9
883,Eve,alice@example.com,28,Paris,field_883_5,field_883_6,field_883_7,field_883_8,field_883_9
884,Grace,bob@example.com,29,London,field_884_5,field_884_6,field_884_7,field_884_8,field_884_9
885,Diana,diana@example.com,30,Tokyo,field_885_5,field_885_6,москва,field_885_8,field_885_9
886,Grace,bob@example.com,31,Tokyo,field_886_5,field_886_6,field_886_7,field_886_8,field_886_9
887,Eve,eve@example.com,32,Berlin,field_887_5,field_887_6,field_887_7,field_887_8,field_887_9
888,Alice,bob@example.com,33,New York,field_888_5,field_888_6,field_888_7,field_888_8,field_888_9
889,Diana,diana@example.com,34,Paris,field_889_5,field_889_6,field_889_7,field_889_8,field_889_9
890,Charlie,bob@example.com,35,naïve,field_890_5,field_890_6,field_890_7,field_890_8,field_890_9
891,Grace,grace@example.com,36,New York,field_891_5,field_891_6,field_891_7,field_891_8,field_891_9
892,東京,grace@example.com,37,Sydney,field_892_5,field_892_6,field_892_7,field_892_8,field_892_9
893,Alice,alice@example.com,38,Tokyo,field_893_5,field_893_6,field_893_7,field_893_8,field_893_9
894,Frank,frank@example.com,39,Paris,field_894_5,field_894_6,field_894_7,field_894_8,field_894_9
895,Alice,grace@example.com,40,São Paulo,field_895_5,field_895_6,field_895_7,field_895_8,field_895_9
896,Bob,bob@example.com,41,London,field_896_5,field_896_6,field_896_7,field_896_8,field_896_9
897,Diana,diana@example.com,42,New York,field_897_5,field_897_6,field_897_7,field_897_8,field_897_9
898,Alice,bob@example.com,43,Sydney,field_898_5,field_898_6,field_898_7,field_898_8,field_898_9
899,Eve,frank@example.com,44,New York,café,field_899_6,field_899_7,field_899_8,field_899_9
900,Grace,charlie@example.com,45,Berlin,field_900_5,field_900_6,field_900_7,field_900_8,field_900_9
901,Alice,eve@example.com,46,London,field_901_5,field_901_6,field_901_7,🚀,field_901_9
902,Alice,diana@example.com,47,London,field_902_5,résumé,field_902_7,field_902_8,field_902_9
903,Alice,eve@example.com,48,Paris,field_903_5,field_903_6,field_903_7,field_903_8,field_903_9
904,Diana,charlie@example.com,49,Tokyo,field_904_5,field_904_6,field_904_7,field_904_8,field_904_9
905,Bob,bob@example.com,50,Berlin,field_905_5,field_905_6,field_905_7,field_905_8,field_905_9
906,Diana,charlie@example.com,51,São Paulo,field_906_5,field_906_6,field_906_7,field_906_8,field_906_9
907,Frank,charlie@example.com,52,Berlin,field_907_5,field_907_6,field_907_7,field_907_8,field_907_9
908,Bob,alice@example.com,53,Tokyo,field_908_5,field_908_6,field_908_7,field_908_8,field_908_9
909,Charlie,charlie@example.com,54,Tokyo,field_909_5,field_909_6,field_909_7,field_909_8,field_909_9
910,🚀,alice@example.com,55,Berlin,field_910_5,field_910_6,field_910_7,field_910_8,field_910_9
911,Grace,diana@example.com,56,Sydney,field_911_5,field_911_6,field_911_7,field_911_8,field_911_9
912,Bob,alice@example.com,57,New York,field_912_5,field_912_6,field_912_7,field_912_8,field_912_9
913,Grace,eve@example.com,58,Sydney,field_913_5,field_913_6,field_913_7,field_913_8,field_913_9
914,Diana,charlie@example.com,59,Sydney,field_914_5,field_914_6,field_914_7,field_914_8,field_914_9
915,Charlie,alice@example.com,60,São Paulo,field_915_5,field_915_6,field_915_7,field_915_8,field_915_9
916,Grace,bob@example.com,61,São Paulo,field_916_5,field_916_6,field_916_7,field_916_8,field_916_9
917,Alice,bob@example.com,62,Sydney,field_917_5,field_917_6,field_917_7,field_917_8,field_917_9
918,Frank,grace@example.com,63,Tokyo,field_918_5,field_918_6,field_918_7,field_918_8,field_918_9
919,Frank,diana@example.com,64,Paris,field_919_5,field_919_6,field_919_7,field_919_8,field_919_9
920,Charlie,eve@example.com,25,naïve,field_920_5,field_920_6,field_920_7,field_920_8,field_920_9
921,Grace,alice@example.com,26,São Paulo,field_921_5,field_921_6,field_921_7,field_921_8,field_921_9
922,Alice,eve@example.com,27,London,field_922_5,field_922_6,field_922_7,naïve,field_922_9
923,Alice,alice@example.com,28,London,field_923_5,field_923_6,field_923_7,field_923_8,field_923_9
924,Alice,charlie@example.com,29,São Paulo,field_924_5,field_924_6,field_924_7,field_924_8,field_924_9
925,Grace,alice@example.com,30,Paris,field_925_5,field_925_6,field_925_7,field_925_8,field_925_9
926,Bob,bob@example.com,31,New York,field_926_5,field_926_6,field_926_7,field_926_8,field_926_9
927,Grace,eve@example.com,32,Berlin,field_927_5,field_927_6,field_927_7,field_927_8,field_927_9
928,Eve,grace@example.com,33,Berlin,field_928_5,field_928_6,field_928_7,field_928_8,field_928_9
929,Frank,alice@example.com,34,New York,field_929_5,field_929_6,field_929_7,field_929_8,field_929_9
930,Charlie,bob@example.com,35,São Paulo,field_930_5,field_930_6,café,field_930_8,field_930_9
931,Eve,frank@example.com,36,Paris,field_931_5,field_931_6,field_931_7,field_931_8,москва
932,Diana,alice@example.com,37,São Paulo,field_932_5,field_932_6,field_932_7,field_932_8,field_932_9
933,Charlie,eve@example.com,38,London,field_933_5,field_933_6,field_933_7,field_933_8,field_933_9
934,Bob,grace@example.com,39,New York,field_934_5,field_934_6,field_934_7,field_934_8,field_934_9
935,Grace,charlie@example.com,40,Paris,field_935_5,field_935_6,field_935_7,field_935_8,field_935_9
936,Alice,alice@example.com,41,London,field_936_5,field_936_6,field_936_7,field_936_8,field_936_9
937,Diana,alice@example.com,42,Tokyo,field_937_5,field_937_6,field_937_7,field_937_8,field_937_9
938,Zürich,charlie@example.com,43,New York,field_938_5,field_938_6,field_938_7,field_938_8,field_938_9
939,Charlie,diana@example.com,44,New York,field_939_5,field_939_6,field_939_7,field_939_8,field_939_9
940,Charlie,alice@example.com,45,Berlin,field_940_5,field_940_6,field_940_7,field_940_8,field_940_9
941,Charlie,grace@example.com,46,New York,field_941_5,field_941_6,field_941_7,field_941_8,field_941_9
942,Charlie,charlie@example.com,47,Tokyo,field_942_5,field_942_6,field_942_7,field_942_8,field_942_9
943,Frank,bob@example.com,48,Tokyo,field_943_5,field_943_6,field_943_7,field_943_8,field_943_9
944,Eve,diana@example.com,49,Sydney,field_944_5,field_944_6,field_944_7,field_944_8,field_944_9
945,Eve,eve@example.com,50,Tokyo,field_945_5,field_945_6,field_945_7,field_945_8,field_945_9
946,Zürich,frank@example.com,51,New York,field_946_5,field_946_6,field_946_7,field_946_8,field_946_9
947,Bob,charlie@example.com,52,Paris,field_947_5,field_947_6,field_947_7,Zürich,field_947_9
948,Frank,frank@example.com,53,Tokyo,field_948_5,field_948_6,field_948_7,field_948_8,field_948_9
949,Frank,bob@example.com,54,New York,field_949_5,field_949_6,field_949_7,field_949_8,field_949_9
950,Alice,diana@example.com,55,New York,field_950_5,field_950_6,field_950_7,field_950_8,field_950_9
951,Alice,diana@example.com,56,New York,field_951_5,field_951_6,field_951_7,field_951_8,field_951_9
952,Eve,frank@example.com,57,São Paulo,field_952_5,field_952_6,field_952_7,field_952_8,field_952_9
953,Bob,grace@example.com,58,New York,field_953_5,field_953_6,field_953_7,field_953_8,field_953_9
954,Diana,frank@example.com,59,Berlin,field_954_5,field_954_6,field_954_7,field_954_8,Zürich
955,naïve,diana@example.com,60,Berlin,field_955_5,field_955_6,field_955_7,field_955_8,field_955_9
956,Bob,frank@example.com,61,New York,field_956_5,field_956_6,field_956_7,field_956_8,field_956_9
957,Frank,eve@example.com,62,Zürich,field_957_5,field_957_6,field_957_7,field_957_8,field_957_9
958,Eve,bob@example.com,63,London,field_958_5,field_958_6,field_958_7,field_958_8,field_958_9
959,Frank,frank@example.com,64,Berlin,field_959_5,field_959_6,field_959_7,field_959_8,field_959_9
960,Eve,charlie@example.com,25,New York,field_960_5,field_960_6,field_960_7,field_960_8,field_960_9
961,résumé,eve@example.com,26,москва,field_961_5,field_961_6,field_961_7,field_961_8,field_961_9
962,Charlie,diana@example.com,27,Paris,field_962_5,field_962_6,field_962_7,field_962_8,field_962_9
963,Charlie,diana@example.com,28,London,field_963_5,field_963_6,field_963_7,field_963_8,field_963_9
964,Bob,grace@example.com,29,São Paulo,field_964_5,field_964_6,field_964_7,field_964_8,field_964_9
965,東京,eve@example.com,30,Tokyo,field_965_5,field_965_6,field_965_7,field_965_8,field_965_9
966,Bob,diana@example.com,31,New York,field_966_5,field_966_6,field_966_7,field_966_8,東京
967,Alice,frank@example.com,32,São Paulo,field_967_5,field_967_6,field_967_7,field_967_8,field_967_9
968,Diana,bob@example.com,33,New York,field_968_5,field_968_6,field_968_7,field_968_8,field_968_9
969,résumé,bob@example.com,34,São Paulo,field_969_5,field_969_6,field_969_7,field_969_8,field_969_9
970,Alice,eve@example.com,35,Berlin,field_970_5,field_970_6,field_970_7,field_970_8,field_970_9
971,Charlie,bob@example.com,36,Berlin,field_971_5,field_971_6,field_971_7,field_971_8,field_971_9
972,Bob,grace@example.com,37,São Paulo,field_972_5,field_972_6,field_972_7,field_972_8,field_972_9
973,Bob,diana@example.com,38,Paris,field_973_5,field_973_6,field_973_7,field_973_8,field_973_9
974,Charlie,frank@example.com,39,🚀,field_974_5,field_974_6,field_974_7,field_974_8,field_974_9
975,🚀,charlie@example.com,40,São Paulo,field_975_5,field_975_6,field_975_7,field_975_8,field_975_9
976,Diana,grace@example.com,41,Tokyo,field_976_5,résumé,field_976_7,field_976_8,field_976_9
977,Grace,alice@example.com,42,Tokyo,field_977_5,field_977_6,field_977_7,field_977_8,field_977_9
978,Grace,charlie@example.com,43,New York,field_978_5,field_978_6,field_978_7,field_978_8,field_978_9
979,Frank,diana@example.com,44,New York,field_979_5,field_979_6,field_979_7,field_979_8,field_979_9
980,Bob,bob@example.com,45,Tokyo,field_980_5,field_980_6,field_980_7,field_980_8,field_980_9
981,Grace,bob@example.com,46,café,field_981_5,field_981_6,field_981_7,field_981_8,café
982,🚀,diana@example.com,47,São Paulo,field_982_5,🚀,field_982_7,field_982_8,field_982_9
983,Charlie,charlie@example.com,48,Tokyo,field_983_5,field_983_6,field_983_7,field_983_8,field_983_9
984,Grace,frank@example.com,49,Paris,field_984_5,field_984_6,field_984_7,field_984_8,field_984_9
985,Diana,charlie@example.com,50,Berlin,field_985_5,field_985_6,field_985_7,field_985_8,Zürich
986,Eve,diana@example.com,51,Tokyo,field_986_5,field_986_6,field_986_7,field_986_8,field_986_9
987,Alice,diana@example.com,52,São Paulo,field_987_5,field_987_6,field_987_7,field_987_8,field_987_9
988,Alice,bob@example.com,53,Tokyo,field_988_5,field_988_6,field_988_7,field_988_8,field_988_9
989,Diana,bob@example.com,54,Tokyo,field_989_5,field_989_6,field_989_7,field_989_8,field_989_9
990,Frank,bob@example.com,55,New York,field_990_5,field_990_6,field_990_7,field_990_8,field_990_9
991,Charlie,eve@example.com,56,Berlin,field_991_5,field_991_6,field_991_7,field_991_8,field_991_9
992,Alice,charlie@example.com,57,New York,field_992_5,field_992_6,field_992_7,field_992_8,field_992_9
993,Bob,grace@example.com,58,Paris,field_993_5,field_993_6,field_993_7,field_993_8,field_993_9
994,Eve,diana@example.com,59,Berlin,field_994_5,field_994_6,field_994_7,field_994_8,field_994_9
995,Zürich,frank@example.com,60,São Paulo,field_995_5,field_995_6,field_995_7,field_995_8,field_995_9
996,Diana,charlie@example.com,61,New York,field_996_5,field_996_6,field_996_7,field_996_8,field_996_9
997,Charlie,diana@example.com,62,São Paulo,field_997_5,field_997_6,field_997_7,field_997_8,field_997_9
998,Charlie,frank@example.com,63,Berlin,field_998_5,field_998_6,field_998_7,field_998_8,field_998_9
999,Bob,bob@example.com,64,Berlin,field_999_5,field_999_6,field_999_7,field_999_8,field_999_9
